GC_cluster_02,GC_cluster_03,GC_cluster_04,GC_cluster_05,GC_cluster_06,GC_cluster_07,GC_cluster_08,GC_cluster_09,GC_cluster_10,GC_cluster_11,GC_cluster_12,GC_cluster_13,GC_cluster_14
Tmem121,Mon1b,Irag2,Ube3b,Nudt4,Adi1,Rab14,Orm1,Evc2,Aimp2,Cacna1s,Fgb,Usp28
Grip2,Mfsd11,Ms4a4b,Snx13,Cyp4f14,Lims1,Mib1,Uroc1,Asb10,Angpt1,Ube2b,Clu,Trex1
Ankdd1b,Dhps,Ifi27l2b,Dido1,Ndfip1,Rev3l,Osbpl1a,Cyp3a11,Fgfr1,2310040G24Rik,Hba-a2,Oat,Phldb1
Vmn1r89,Sprtn,Cidec,Ipo5,Gcgr,Cisd2,Cpt2,Prdx6,Gstp2,Tmem109,Fhl1,Sardh,Col5a2
Thbs3,C2cd3,Hr,Sypl1,Cnbp,Tsc2,Txn2,Sod1,Barx2,Stau2,Cox6a2,Igf1,Sccpdh
Trmt9b,Rnpc3,Rad18,Faf2,Chpt1,Glrx,Hectd2os,Ehhadh,Zfp775,Vamp5,Vdac1,Hpd,Herc3
Mst1r,Endod1,Adamtsl3,Ssb,Gstp1,Dnajb4,Ivd,Rpl37|Rpl37rt,Sema6c,Scn1b,Adss1,Atp5pd,Efcab2
Gm10433,Itpkc,Cdk10,Rtn3,Rps13,Esrra,Anxa6,Cyp2c50,Slc8a3,Pde7a,Ckmt2,Phyh,Abcc5
Sorcs2,Letmd1,Riox1,Ppa2,Gbe1,Oxsr1,Larp1,Rnase4,Ucp1,Ddit4l,Gys1,Azgp1,Tigar
Slc26a5,Ankra2,Fgd3,Shmt2,Slc1a2,Cops7a,Ppp1r15b,Glo1,Fhl2,Clic5,Selenow,Ugt1a1,Tfeb
Chil4,Arfip2,Atxn7l3,Mxd4,Tfr2,Abcf1,Kdr,Hspa5,Atp6v0e2,Mylk3,Tuba4a,Hectd1,Agpat1
ENSMUSG00000069939,Parn,Gpatch2,Dapk1,Ftcd,Ppm1l,Usp47,Otc,Myoz3,Pkig,Alpk3,Chchd10,Abcc1
Vmn1r85,Srfbp1,Gulp1,Twf1,Ebp,Mmadhc,S100a10,Sar1b,Adcy2,Cyb5r1,Hrc,Uqcr11,Slc25a19
Vmn1r217,Rbm12b1,Mup14,Tcf20,Tmt1a,Pikfyve,Serpina7,Bnip3,Trim55,Nctc1,Klhl31,Acsl1,Pola2
Amn,Rhog,Scn7a,Prrc2a,Sdhd,Dusp11,Psen2,Abhd2,Camk2a,Synpo2,Mylpf,Glul,Polr3d
Ndst4,Mcm7,Bbs2,Fam210b,Tm4sf4,Vcam1,Prodh2,Sult2a8,Asb12,Slc41a1,Myh7,Cyp2a5,Csnk1e
Rassf9,Lrrcc1,Ddb2,Stat5b,Smim10l1,Srp14,Copb1,Pzp,Mfap5,Dusp18,Trak2,Selenop,Snapin
Lrrtm3,Ift70b,Haus1,Tma7|Tma7-ps,Ppp2r5a,Alas2,Pcdh1,Uox,Spsb1,Col6a2,Pdk4,Ctsl,Golm1
Dnaaf1,Lyset,Wdr62,Bccip,Serinc1,Mup20,Ccni,B2m,Gpm6a,Prkg1,Abra,Gpx4,Afap1l1
Lrp1b,Ppie,Aplnr,Zmpste24,Psmd2,Ugdh,Itpr1,Rmrp,Serpine2,Aqp4,Ankrd23,Nat8f2,Sugp2
Mlc1,Mblac2,Ap3m2,Nploc4,Tmem176b,Hint3,Gng5,Cd302,Agbl1,Synpo,Cacna2d1,Aco2,Rrp9
Amh,Pex12,Ripk3,Glrx3,Cyp2c40,Rnf115,Utrn,Angptl3,Ky,Gyg1,Mdh2,Rdh7,Klc2
Stambpl1,Nfrkb,Alkbh2,Commd3,Sema4g,Ubqln4,Mup17,Cox6c,Ptgfr,Mettl22,Myh6,Sephs2,Col1a1
Crisp3,Kptn,Tmem8b,Usp5,Cxcl12,Mrps24,Lyz2,Eif4g1,G6pc3,Dhrs7c,Tmod4,H2-D1,Eif4e3
Homer3,2310010J17Rik,Nfkbie,Hnrnpa1,Serp1,Saa2,Hipk1,Abca3,Cdnf,Lrrc39,Idh3g,Apoa1,
5730405O15Rik,Dclre1b,Kif26a,Gpd1l,Il6st,Ankle2,Rpl36,Slc2a2,Ttc9,Uaca,Lynx1,Sdc4,
Cdr1os,Caskin2,Tbkbp1,Lrat,Cox5b,Ncoa3,Timd2,Lonp2,Htra3,Tmod1,Smtnl1,Cyp2a4,
Gm10390,Orm3,Gdpgp1,Supt5,Cyp3a16,Naa15,1810008I18Rik,Apoc4,Mfsd4a,Arhgef6,Tpm2,Serpina1b,
Usp35,Zfp72,Calhm2,Wasl,Cmbl,Gsk3b,Rpl30,F2,Arl2,Carnmt1,Pbxip1,Slc38a4,
Pitpnm3,Fbrsl1,ENSMUSG00000112880,Impa1,C1rl,Cltb,Fkbp4,Abat,Camta1,Phkg1,Csrp3,Cyp2b13,
Cox6b2,Pelp1,Abcb9,Fat1,H3f3a,Asxl2,Eif3h,Hspd1,Sh3kbp1,Jsrp1,Trdn,C1s1,
Sgsm1,Xk,1190005I06Rik,Dctn2,Atp5mc3,Trappc11,Picalm,Rps8|Gm15501,6430571L13Rik,Pak1,Myom1,Hsp90b1,
1700110I01Rik|Gm46464|Gm46465,Olfm3,Tigd5,Acp5,Chchd3,Prxl2a,Slk,Cox6b1,Esrrb,Itgb1bp2,Obscn,Gdi2,
Scn3a,Snip1,Cacna1d,Rhobtb1,Actg1,Gpc4,Pdhb,Lamp2,Ackr3,Cacnb1,Fxr1,Fabp1,
Chrdl1,Pik3cd,Zbtb12,Setd5,Dhrs1,Abhd18,Eef1d,Uqcrh,F13a1,Rbm38,Fabp3,Tpi1,
Med9os,Ripk2,Prim2,Atp6v0b,Lnpep,Tbc1d15,Trp53inp2,Aldh1a1|E030003E18Rik,Dpf3,Plaat3,Tnnt1,Ghitm,
1700067K01Rik,Dnttip1,Sycn,Rnf14,Ak4,Rmdn1,Erap1,Apoh,Pmm1,Speg,Myoz1,Itih3,
Mbd4,Rwdd2b,Ctbp2,Myo1c,Bltp2,Zfand3,F7,Cfi,Gm16062,Prkab2,Myl2,Ugt2b1,
Lrrc3b,Lrsam1,Ercc1,Cog4,Arcn1,Lum,Slc16a10,Saa4,Dusp29,Mpi,Mybpc2,Acadm,
Adgrb2,Riox2,Cd1d2,St3gal3,Slc29a1,Usp33,Gfra1,Akr1c6,Ddit3,Reep5,Tcap,Cyp3a25,
Neurl1b,Arrdc2,Capn5,Ip6k1,G0s2,Dynll1,Asgr2,Thrsp,Six4,Sorl1,Txlnb,Gulo,
Rerg,Adpgk,Zdhhc1,Nipsnap3b,Atf5,Ccnl2,Grhpr,Apoe,Sytl2,Dysf,Ogdh,Ahsg,
Hpgds,Gin1,Adcy3,Ssr4,Atl3,Ecsit,Pxmp2,Hp,Rasa4,Rcsd1,Tacc2,Fads2,
Sult5a1,Trp53rka,Myc,Srr,Actr2,Ppp2r5c,Tomm20,Dcn,Insyn2b,Sgcb,Pygm,Abcb4,
Clec4a4,Abracl,Kcnj16,Cdc37l1,Marchf6,Tbc1d2b,Raph1,Rpl32,Ablim2,Fxyd6,3425401B19Rik,Cpt1a,
Ror2,Kif21b,Armcx2,Reps2,Eif3a,Fbxw2,Ugt3a1,Klkb1,Abhd8,Ssx2ip,Gnpat,Got1,
Prrg4,Ednra,Srrm4,Clk1,Fh1,Pepd,Fmo2,Mat1a,Klhl38,ENSMUSG00000085779,Ldhb,Ddx5,
Tgif2,Mapkbp1,Cbfa2t3,Phldb2,Fam91a1,Tmem234,Rps26,Rbp4,Rbfox1,Cd63,Cs,Tat,
Negr1,Rcc1l,Adh7,Slc43a3,Hao1,Pdpr,Atox1,Etfdh,Rtl8b,Smtn,Eno3,F13b,
Kdm4d,Usp18,Pik3cg,Apol9b,Brap,Pnlip,Acnat2,Slco1b2,Smox,Tbx15,Rilpl1,C1ra,
ENSMUSG00000097520,Ahcyl2,4933404O12Rik,Rbm47,BC005537,Fgfrl1,Slc25a23,Hacl1,Six1,ENSMUSG00000092607,Idh3a,Fth1,
Gm12295,Rab11fip2,Dut,Tpmt,Tspan31,Eloc,Gck,Itm2b,Kif3c,Itga7,Apobec2,P4hb,
Tbc1d10c,Haus6,Depdc5,Smarcd2,Bbox1,Pdhx,Ndufv3,Ndufa4,Cfap119,Srf,Rtn2,Hadh,
Siah1b,Tmem268,Ell3,Prxl2c,Etnk2,Gtf2h5,Prdx5,Pigr,Fam131a,Cpe,Myot,Ugt3a2,
Arhgef33,Spata2,Rttn,Ncoa2,Arhgef12,Mrpl53,Taf1d,Rps17,Gm15179,Akr1b10,Mef2c,Masp1,
Gnb5,Pde3a,ENSMUSG00000085972,Ppp4r3b,Usp34,Fam162a,Mst1,Rpl38,Lzts2,2310065F04Rik,Tnni2,Acsm1,
Mapk4,Fbxo45,Prmt6,Tnrc6b,Vcp,Gps1,Tubb4b,Rps12,P2rx6,Capn3,Ak1,Glud1,
Rflna,Tgfb1,Ctu2,Dars1,Arhgap29,Crybg3,Tmed7,Cpn2,Angptl7,Samd4,Plin4,Pon1,
Tmem79,Rbks,Lrrc32,Dicer1,Oip5os1,Sdhaf2,Atrx,Sec14l2,Adamtsl4,Trim35,Slc25a12,Ftl1,
Lgsn,Vopp1,Slc39a6,Dusp3,Ctsh,Eif3g,Rhoa,Kng1,Il15,Pdzrn3,Cox8b,Uqcrc2,
Acan,Kif2a,Jdp2,Slc38a10,Rps16,Dync1i2,Hspg2,Hdlbp,Phlda3,Hspb1,Fsd2,Aldob,
Bex6,Nrros,Chrna1,Plbd1,Lypla1,Vim,Txndc17,Ugt2b34,Rtl8a,Me3,Tmem38a,Pcx,
Ift56,Slc7a6os,H2-T27,Ywhaq,Chp1,Sugt1,Csnk2a1,Sult1d1,Pla2g4e,Wfdc1,Slc2a4,Cdo1,
Lrrc10b,Ficd,Aatk,Mrpl15,Slc19a2,Adcy9,Ndufs8,Slc25a47,Nr4a3,Ubap2,Pkm,Amy1,
Patl2,Nbeal2,Hoxc5,Larp1b,Apc,Nhsl3,Hacd3,F5,Timp4,Nuak1,Ppp1r3c,Usp9x,
Kcnj1,Gm14305,Pigf,Map2k2,Hao2,Ube2v2,Ppm1b,Ttc36,Nupr1,Dnajc27,Cryab,Cyp2b9,
Srsf12,Nepro,Zfp7,Crat,Cyp2c38,Arpc4,Ncl,Slc27a5,Cdh15,Rpl3l,Myo18b,Man2a1,
Or5b124,Prmt9,0610010K14Rik,Sparc,Fetub,Marchf2,Ubr5,Hmgcs2,Aspn,Bckdk,Tuba8,Actb,
Pclo,Zfp119b,Apobr,Sympk,Scarb2,Uba3,Srsf5,Rps6,Asb16,Jph1,Casq1,Xist,
Cldn10,Tgm1,H2-M3,Hsd17b11,Atp13a3,Ptpmt1,H2bc4,Proc,Cacng6,Coro6,Ckm,Sord,
Trim13,Emcn,Rfx4,Pdcd6,Nr1d2,Ubxn2a,Hbp1,Apoa5,ENSMUSG00000097451,Ube2s,Pdha1,Cyp2c39,
Clec4b2,Smad1,Zfp846,St3gal4,Atp5mg,Gas2,Tln1,Mpc1,Clcn1,Dcaf4,Myl1,Serpina1a,
Ccna2,Sdccag8,Prr14,Vps4b,Cfhr1,Ubl4a|Gm44504,Nucks1,Serping1,Pgap4,Styxl2,Myl12a,Adh1,
Gm614,Rnf113a2,Rims3,Fbxl5,Dld,Itga9,Tpr,Rpl41,Fbxo44,Lrrc2,Myh2,Crot,
Samd11,Trmt1,Sfmbt2,Nmt1,Rap1b,Ilk,Laptm4a,Rpl17,Fbln1,Bzw2,Ccng1,Pank1,
Vmn2r113,H2-Ab1,Sirt6,Ldhd,Wbp1l,Mix23,Retreg2,Gpx1,Bag2,Pfn2,Myoz2,Hrg,
Srrm4os,Thyn1,ENSMUSG00000080615,Ankrd11,S100a1,Rnf125,Ptges3,Fabp2,Rps6ka5,Nrep,Hspb7,Aldh1l1,
Map3k6,Fastkd3,Kcnn1,Nudt12,Phb2,Mrps5,Gpat4,Wfdc21,Ppp1r14c,Cdk16,Map4,Cfhr2,
Fcgr1,Pelo,Cpxm2,Riok3,Fkbp8,Ormdl1,Csnk1a1,Rps9,Nbl1,Cavin1,Des,Acly,
Car13,Krba1,B3galnt1,Stat6,Hal,Dennd1b,Eif3c,Ugt2b5,Ptges3l,Tnni1,Mylk2,Sqstm1,
A2m,Ints15,Rsph4a,Ubxn4,Ephx1,Spr,Galm,Rpl19,Emp1,2310002L09Rik,Tpm1,Eef2,
Sox9,Poglut2,Tjap1,Rnf141,Serbp1,Emc6,Prodh,Calr,Ip6k3,Synpo2l,Mrpl42,Ces3a,
Klrc3,Adcy7,Zc3h8,Fads6,Naa50,Egln2,Slc16a2,Sptbn1,Myf6,Snrpn,Pabpc4,Cyp2d26,
Mir9-2hg,Fzd6,Spindoc,Tbl1xr1,Ddx3x,Rnf123,Ndufa6,Rpl31,Mapkapk3,Sh3bgr,Mb,Cycs,
Barx1,Zfp40,Pold1,Zhx1,Aldh8a1,Hmbs,Psme4,Idh1,Plxdc2,Mapt,Synm,Hsd17b13,
Pln,Snapc1,Zfp90,Cenpb,Iigp1,Snord22,Npm1,Ldha,Fmod,Kcnj2,Plec,Creb3l3,
Cep72,Sfswap,Snhg16,Stk11,Ap1g1,Ktn1,Cops9,Cyp2c37,Col6a6,Slc6a8,Golga4,Serpinf2,
Emb,Cep83,Zfp688,Arl6ip1,Acot4,Pop5,Rdh16f2,Dbi,Cdh13,Coq10a,Idh2,Cyp3a44,
Dlk1,Lyplal1,Nedd1,Rfk,Lactb2,Capn7,Nt5e,Rpl7,Ppp3cc,Prkcq,Ryr1,Fga,
Snord118,Map3k21,Slc7a8,Herc4,Birc6,Gna13,Sel1l,Psap,Fbp2,Fitm1,Mybpc1,Gpam,
Fam216a,Sars2,Lrp2,Aup1,Atp1a1,Ssrp1,Abcd2,Ctsb,Kcnma1,Ogn,Lpl,Tmem205,
Cldn17,Klhl20,Cyren,Tpp2,Lpp,Mink1,Tmem59,Igfbp4,Pkhd1l1,Pdlim3,Ttn,Rgn,
Tmem26,Atg4c,Homez,Mrpl12,Afmid,Cobl,Golgb1,C3,Tspan8,Nol3,Map3k20,Ak3,
D630023F18Rik,Zswim4,Mnt,Tmem120a,St6gal1,Tcim,Hmgb1,Prpf8,Kcnj12,Pdp1,Cfl2,Fbp1,
Eef1akmt3,Dgkh,Pdgfb,Thrb,Cnot1,Csnk1g2,Akap1,Mia2,Aebp1,Cavin4,Srl,Gnmt,
Wif1,Grwd1,Adam19,Mccc1,Slc25a13,Polr2k,Zcchc24,Stard10,Fgf2,Trim54,Sptb,Ttr,
Noxo1,Thoc5,Dbn1,Hnrnph1,Atf6,Sema4a,Lrp6,Cyb5a,Palm,Dpt,Atp2a1,Apoc1,
Snord2,Prdm15,Arid3b,Rnf139,Ap3m1,Selenbp2,Adgrf5,Rpl37a,Fndc1,Tmtc1,Tnnt3,Aldh2,
Fam83g,Zfp839,Caln1,Slc35e1,Agpat2,Amd1,Ndufa10,Rxra,Satb1,Tbc1d4,Oxct1,Gstm1,
Faap24,Zfp612,ENSMUSG00000097164,Fam234a,Sf3b1,Trio,Gatd3a,Rps11,Hhatl,Jph2,Ppp1r3a,Bche,
Slc22a6,Celf2,Snx32,Col4a1,H2-T23,Timm17b,Slc25a20,Atp5f1a,Lmod1,Myl3,Pdlim7,Ces1b,
Spesp1,Txndc16,Cd248,Cebpg,Cyp4a14,U2surp,Sec62,Apoc3,Ddr1,Acyp2,Pgam2,Acox1,
Dpep2,Hnf1b,Abcg3,Ndufa8,Cox7a2l,Arap1,Vps13c,Gcdh,Musk,Tead1,Atp2a2,Apoa2,
Trim50,Rnasel,C3ar1,Cmpk1,Zfp445,Tbca,Prelid1,Cfhr4,Mllt11,Ipo13,Bin1,Ahcy,
Dock3,Ncoa7,Mansc1,Mlycd,Gabarapl1,Colgalt1,Taok1,Slc7a2,A530013C23Rik,Asb11,Pkia,Man1a,
Zfp287,Sgf29,Wnt2,Ttc39c,Pbld2,Ahr,Calu,Cp,Krt19,Nxn,Ptp4a3,Bsg,
Lrrc63,Zgpat,Fmnl1,Bag1,Bhmt2,Pds5b,Aars1,Ces1f,Cavin3,Sacs,Usp13,Ahnak,
ENSMUSG00000074250,Hat1,Parp8,Sptssa,Oaf,Lrrfip1,Acaa1a,Inhca,Cdc14a,Tspan3,Atp1a2,Hc,
Cela3a,Pip5k1a,4933431E20Rik,Cdc34,Zfp871,Ptk2b,Igfals,Bhmt,Tbx1,Pde4d,Hbb-b1|Hbb-bs,Cyp2j5,
Slc7a14,Kri1,Frem2,Fggy,Kif1b,Sco2,Morf4l1|Morf4l1b,Rpl7a,Rflnb,Egln3,Fem1a,Pah,
Slc44a5,Itga4,Col8a1,Polr2m,Cox6a1,Nudt9,Tef,Slc25a15,Tecrl,Klhl33,Actn3,Adh5,
Glb1l3,Tomm34,Vstm4,Ddrgk1,Sirt3,Tm2d2,Slc25a22,Acsl5,Obsl1,Cav1,Hba-a1,Acaa2,
4930570G19Rik,Airim,Rap1gap2,Arel1,Sec23a,Cript,Tor1aip2,Ptprb,Kcnq4,Pcnt,Agl,Slc27a2,
Zfp286,Zfp467,Donson,Pam,Rtn4,Zmiz1,Ran,Rps27,Rp1,Col6a1,Pdlim5,Pgrmc1,
Trim80,Zfp873,Tmem41a,Clip1,Retsat,Sars1,Pfdn5,Cbs,Plat,Kif13a,Xirp2|Gm1322,Ndufb8,
Ddx3y,Nup62,Pinx1,Papola,Txndc5,Cacybp,Klf9,Fgl1,Hspa1a,Mllt3,Aldoa,Errfi1,
Fam241a,Zdhhc16,H2bc21,Plaa,Rpl6,Klhdc2,Snora74a,Rpl23a|Gm46442,Eln,Trim63,Pvalb,Tle5,
Map3k15,Ccdc9,Adat1,Mrps33,Atp5pf,Pja1,Cd81,Ass1,Pde4a,Trim72,Smyd1,Itih1,
Ptprn2,Ikzf1,Fbxl12,Colec12,Atg3,Ik,Vps13b,Acat3,Cib2,Stac3,Hk2,Atp5mc1,
C920021L13Rik,Col27a1,Cntrob,Chmp3,Mtus1,Sall1,Angptl4,Hspa9,Tmcc2,Smtnl2,Nrap,Hsd11b1,
Gm4265,Msh6,Smn1,Apeh,Slc25a5,Tmem242,Atrn,Alb,Lgi1,Gpx3,Igfbp5,Col18a1,
Ntrk3|E430016F16Rik,Eogt,Pfkp,Epn1,Crp,Selenos,Nampt,H2-Q10,Ssbp2,Phka1,Asph,Atp5f1c,
Slc25a29,Klhl13,Dagla,Polr2l,Echs1,Washc5,Scarna6,Serpinf1,Eya1,Tmem65,Tmem182,Csde1,
Col9a2,Arl6ip6,Nek8,Eif1a,Ppara,Med8,Eef1g,Ubc,Card19,Twf2,Gsn,Apof,
Mks1,Dnajc16,A430033K04Rik,Gzf1,Nsa2,Dph3,Ndufb5,Mdh1,Cd24a,Adprhl1,Filip1l,Abcb11,
H2-Bl,Adprs,Rhbdf1,Qprt,Ubr4,Capza1,Nucb1,Rpl4,Prrx1,Fundc2,Pfkm,Serpina6,
Mmel1,Lmo2,Clec4n,Rab18,Ecm1,Ubap2l,Fxyd1,Rps24,Serpine1,Ap1s2,Sln,Tmbim6,
Syn2,Cnr2,Cd300c2,Tbc1d9b,Son,Timm44,Nckap1,Mttp,Pknox2,2210416O15Rik|Cuedc1,Myom2,Malat1,
Cdkn3,Rpp40,Zfp449,Suds3,Slc25a1,Ctss,Hnrnpa2b1,Mpc2,Art5,Epdr1,Fbxo32,Serpina1c,
ENSMUSG00000099923,Lrrc14,Gem,Becn1,Hsd17b4,Ifnar1,Osbpl9,Aadac,Bves,Apol6,Actn2,,
Rsph1,Slc9a1,Mpzl1,Tpd52l2,Baat,Erc1,Wwp1,Ephx2,Snca,Mbp,Ehbp1l1,,
Bcat1,Fxyd5,Zscan2,Ormdl3,Myh9,Dgcr6,Etnppl,F10,Ly6c1,Bcam,Acta1,,
Tmprss11g,Mad2l1bp,Wdr25,Xrn2,Lect2,Mapkapk5,Mmd,Macf1,Crhr2,Vegfb,Flnc,,
Spo11,Gtf3c5,Tk2,Nsmf,Gstk1,Ptpn3,Ces2a,Tlcd4,Rapsn,Mafk,Mgst3,,
Rbmx2,Snx17,Plcl1,Samm50,Rpn2,Hspa4l,Gpcpd1,Rplp1,Mfap3l,Fndc5,Pde4dip,,
Pwwp3b,P3h1,Plpp2,Plin5,Gclc,Mrpl2,Nsd1,Slc10a1,Thbs4,Mkrn2,Ldb3,,
Eya2,Vps18,Dancr,Ankhd1,Mbnl1,Tmem126a,Cst3,Serpind1,Frzb,S100a6,Amotl1,,
Alox12b,Zbtb26,4833418N02Rik,Ddx1,Ly6e,Odr4,Pecr,Apob,Map1a,Slc27a1,Smpx,,
Slc7a13,Yeats2,Pira2,Afg3l2,Enpep,Creld2,Igf2r,Rpl13a,Kcng4,Akr1b1,Myh4,,
Reg3g,Sema6a,Il10ra,Cldn2,Cald1,Ccar1,Mup2,Nedd4,Egf,Gmpr,Nipsnap2,,
Vmn1r229,Blcap,Gngt2,Nufip2,Pklr,Nptn,Wapl,Plg,Plaat1,Sspn,Btbd1,,
Inava,Slc1a4,Tada2a,Naxd,Kmt2c,Mars1,Eif3i,Hnf4a,Vgll2,Nexn,Cmya5,,
Fkbp10,Prr12,Dll1,Keap1,Nipsnap1,Mpzl2,Akr1c13,Rps27a,Fos,Dmpk,Art1,,
Rorb,Thap11,Zfp511,Calcrl,Nr1i2,Use1,Ythdf3,Kng2,Atf3,Rragd,Zfp106,,
Hsd17b14,Cadm3,Zfp39,Ell2,Tspan12,Fxr2,Qki,Rps27l,Mlip,Tomm40l,Scn4a,,
Skida1,Olfml3,Slc25a24,Rnf4,Pabpc1,Plcg1,Cyc1,Lgals9,Srpk3,Mapk12,Ank1,,
Alkal2,Psph,Ankrd13b,Rreb1,Dhrs4,Kif16b,Cyp2c69,Asl,Dtx3,Ucp3,Ppp1r12b,,
Klra7,Bcl2,Fkbp14,Clptm1,Cmah,Wtap,Lrp5,Akr1c14,Tmem233,Cav3,Pacsin3,,
Adamts12,Sde2,Tle2,Nop53,Sdc1,Prg4,Epb41,Dgat2,Slc41a3,Eml1,Coq9,,
Gstt4,Gm14391,Rai2,Gtf3c1,Uggt1,Fkbp15,Lgals8,Rpl39,Wnk2,Usp2,Tnnc2,,
Pgf,Lysmd1,Cd37,Tuba1b,Rgs5,Ppp1r11,Decr2,Iqgap2,Angptl1,Pdlim1,Myh1,,
Trerf1,S1pr3,Ror1,Rab5c,Marf1,Sec11c,Ugt1a6a,Cfh,Mybph,Cd34,Cox7a1,,
Gpr152,Lamb3,Pde8b,Pfdn1,Ranbp2,Cetn3,Ctsa,Lifr,Shox2,Fstl1,Eef1a2,,
Aldh1l2,Myg1,Dync2i2,Ninj1,Suclg1,Tpcn1,Ubqln1,Sult2a1,Scara5,Prss23,Ppp2r3a,,
H2bc27,Nmnat3,Flt3l,Hectd3,Fmo1,Cfdp1,Notch2,Cd164,Tceal7,Tnik,Fabp4,,
Lrp2bp,Cyba,Zfp791,Dpp3,Rpl18,Prex2,Bgn,Lamp1,Medag,Trip10,Tpm3,,
Tal1,Ikbip,Vwa1,Kdm5c,F12,Pcf11,Clpx,Mbl2,Adgrd1,Lrrc14b,Cpt1b,,
Spag4,Trip6,Cyp2j9,Gnpnat1,Cryz,Timm8a1,Mtch2,Aldh6a1,Gpc3,Akap6,Neb,,
Ret,Noc4l,Arhgap11a,Psma1,Lap3,Snrpe,Prdx2,Fads1,Neu2,Casq2,Slc25a4,,
Racgap1,Tnfsf10,Prr5l,Rnf187,Igfbp2,Ssu72,Klhl24,Rack1,Fry,Ank2,Mfn1,,
Mep1a,Oas1a,Brms1l,Fuca1,Psmd1,Chmp4b,Fermt2,Asgr1,Tmem100,Ppargc1a,Perm1,,
Zfp105,AU041133,Miga1,Vcpip1,Echdc3,Zfhx4,Hnrnpa3,C4b,Plau,Ano5,Ybx3,,
Pkib,Slfn8,Smco4,Wdr81,Rpl24,Vldlr,Hsd17b10,Ces1d,Klhdc1,Castor2,Tnnc1,,
Plppr2,Wnt5b,Mcm8,Numa1,Pgam1,C1qbp,Bltp1,Vtn,Arhgap10,Tln2,Hbb-bt,,
Cchcr1,Tatdn1,Vash1,Anxa4,Cyp2c68,Rbl2,Ndufs5,Haao,Islr,Alpl,,,
Cpeb1,Gm15446,Tspan17,Zfp292,Msra,Rbm33,Kynu,Gsta3,Pmepa1,Lnpk,,,
Erv3,Snx21,Dtwd2,Kpna1,Grpel1,A1bg,Gne,Rarres2,Uckl1os,Mstn,,,
Tarm1,Axin2,Bambi,N4bp2l2,Cth,Lysmd3,Car8,Cyp2d10,Ecm2,Coq7,,,
Mcub,Arsb,Sema5a,Etnk1,Crk,Smpd1,Aldh1a7,Rpl5,Enah,Prr33,,,
Ccr1l1,Trit1,Dipk1b,Rnh1,Spp2,Ube4b,Ndufa1,Acat1,Rab3a,Zbtb17,,,
Thsd4,Ghdc,Mrc2,Snx2,Cers2,Rptor,Suox,Ppia,Pi16,1700025G04Rik,,,
Serpinb5,Wars1,Isyna1,Ccny,Cgnl1,4930453N24Rik,Gucd1,Aldh4a1,Zfp641,Fhl3,,,
C1ql1,Tmem144,Sufu,Ildr2,Cct7,Qars1,Fcgrt,Adk,Mmp2,Slc44a2,,,
Slc5a9,Cyp4f17,Myct1,Pdcd6ip,Cyp7a1,Eif2a,Psmb1,Elovl5,Mmrn1,Mrps36,,,
Tnip3,Ubald1,Cebpd,Anp32a,Selenbp1,Bach1,Dynlt3,Cox7a2,Zfp462,Camk2g,,,
Gm6377,Arsk,Zfp503,Rtf2,Atp11c,Ppp3ca,Cyp2c67,Mgst1,Sema3g,Nos1,,,
Ppp1r3f,Zfp976,Prag1,Ranbp10,Kmo,Msn,Cct3,Tmt1b,C1qtnf9,Mypn,,,
B230319C09Rik,Zfp866,Bcl6b,Fis1,Yme1l1,Nid1,Herc2,Elovl2,Map2k3os,Phtf2,,,
Sh3bp1,Shank3,Gadd45b,Cul1,Fgf1,Nap1l1,Tram1,Dhcr24,Kcnc1,Xirp1,,,
Gm14496,Vmac,Tdg,Irak1,Tmem176a,Dynlt1b,Akap9,Rpl9,Popdc3,Limch1,,,
ENSMUSG00000118193,Pphln1,Hapln4,Mapk14,Ptp4a2,Sin3a,Mcl1,Lrp1,Ifi205,Gpc1,,,
Adgrg2,Rundc1,Plekhh2,Ccdc50,Bcap31,Cmtm4,Prrc2c,Car3,Spock2,Fastk,,,
Csrnp3,Mpzl3,Mark1,Ssr2,Ak2,Ndufb2,Gk,Mup3,Dusp26,Rps6ka2,,,
Slc5a10,Zfp426,Metrnl,Cpped1,Eif5a,Itsn1,Sec63,Itih2,Trpt1,Map7d1,,,
Tbx19,Mvd,Nt5c,Bag4,Ube4a,Cmtm6,Uqcrq,Hspe1,Pmp22,Myadml2,,,
Sv2b,Amigo2,Wnt4,Golph3,Il1rap,Bud31,H3f3b,Dpyd,Slc2a12,Ppip5k1,,,
Rmi2,Fbf1,Zfp882,Pdpk1,Nr3c1,Litaf,Snrnp200,Hsd17b6,Asb14,Smarcd3,,,
Traf1,Fzd5,AI662270,Mtfr1l,Anks4b,Pdxk,Ivns1abp,ENSMUSG00000089617,Trpm4,Sema4d,,,
Lce1g,Zfp750,Pnpla3,Trim56,Hsd17b2,Xpo6,Stag2,Rps3,Zfp346,St3gal6,,,
Minar1,Syne3,Irag1,Ikbkb,Rpl8,Lgalsl,Ugt1a6b,Cyp2c70,Ksr1,Rhoq,,,
Was,Bak1,Bicd1,Gsta4,Sntb1,Stub1,Bmp1,Serpina3n,Cdon,Filip1,,,
Vmn1r61,Snx15,Gm1976,Ubxn7,Cdc42,Phc3,Psmc3,Rpl27a,Cacng1,Tppp3,,,
Nog,Pknox1,Trmt61a,Slc30a9,Lman1,Hlf,Hspa4,Rps23,Map1b,Ankrd2,,,
Sema3a,Sntg2,Taf1a,Nr5a2,Slc26a1,Gtf3c2,Gna12,Aldh3a2,Mustn1,Ano10,,,
Btc,Zfp995,Itgb3bp,Nceh1,Eif1,Usp40,Ipo7,Rpl23,Igfbp6,Ubac1,,,
Cacna1f,Vps37c,Spice1,Snx9,Selenot,Mrpl9,Edf1,C4bp,Syngr1,Dtna,,,
Foxo6,Manba,Bcl2l12,Acsf2,Ces1g,Maco1,Smoc1,Rps5,1700120C14Rik,Cystm1,,,
Greb1l,Cmtm3,Zfp59,Map2k3,Hnrnpu,Acap2,Klf15,Rps15,P2rx5,Acss1,,,
Cxcl10,Slc25a36,Bex1,Setx,Ceacam1,Snord104,Akap13,Leap2,Rab11fip5,Etl4,,,
E2f1,Ctns,Laptm4b,Elob,Nr1i3,Bet1,Kif5b,Hadha,B3galt2,Ppp1r1a,,,
Sema5b,Camta2,Shq1,Ifi27,Ptprj,Nus1,Reep3,Ubb,Rbp7,Iqsec2,,,
Lox,Zkscan5,Col13a1,Cct2,Aplp2,Mthfsl,Rab1a,Fmo3,Klhl23,Rcan2,,,
Rptn,Poc5,Klhl4,Pmpca,Myo1b,Nrp2,Kpnb1,Dmgdh,Nr4a1,Sgcg,,,
Ebf1,Prkra,Ccne2,Mapk1ip1l,Slc6a13,Glod4,Lrpprc,Rpph1,Retnla,Rbm24,,,
Slc5a1,Tsen34,2210417A02Rik,Gbp7,Nrn1,Ehmt2,Smlr1,Myl6,Cfd,Fkbp3,,,
Xlr3a,Zfp738,AU021092,Ssh2,Tmem106b,Polr2i,Cox5a,Rps7,Dnase1l1,Itm2a,,,
Flg2,Mcm2,Grid1,Hp1bp3,Ncor1,Mlx,Rps18,Por,Cd200,Sgca,,,
Pthlh,Taf7,Adipoq,Lrba,Akr1a1,Tmem243,Xdh,Prlr,Cdc42ep3,Sdr39u1,,,
Kdf1,Prkx,B3gntl1,Top1,Gpi1,Otud6b,Tsc22d3,Hsp90aa1,P2ry2,Klhl40,,,
2500004C02Rik,Lancl2,Cnrip1,Ammecr1l,Tst,Ccdc107,Slc47a1,Tdo2,Msln,Lgals1,,,
Spock3,P3h3,Tmem120b,Taldo1,Caprin1,Higd2a,Ap2m1,Uba52,2310008N11Rik,Epm2a,,,
Trim30d,Fzr1,Sergef,Spop,Als2,Wdtc1,Larp4,Rps19,Lypd6,Neurl1a,,,
Ipcef1,Foxa1,Ift43,Yy1,Sec16a,Nr2c2,Ppm1k,Rida,Kcnq5,Schip1,,,
Fcrlb,Itfg2,Rgs1,Dera,Itga1,Siae,Rapgef4,Afm,Fsd1l,Cacna1a,,,
H2ac21,Saysd1,Hmces,B230219D22Rik,Slc25a39,Slc48a1,Isoc1,Acad11,Abcb1b,Alpk2,,,
Dok5,Plk2,Ccdc125,Xpo1,Hykk,Tspo,Vipr1,Trf,Camk2b,Fbln2,,,
Ssbp4,Ctdspl,Mup19,Atp2c1,Tkfc,Tmem208,Arhgap35,Pygl,Tmem117,Cap2,,,
4833412C05Rik,Tnfrsf14,Ada,Nab1,Pdcd4,Eif4e,Mtpn,Slc22a1,Mcf2l,Fhip1a,,,
Snap25,Ncbp2,Elk1,Stard5,Nadk2,Nfix,Phb1,G6pc1,Ace,Lmcd1,,,
Slc25a14,Hmg20a,ENSMUSG00000084235,Bptf,Arl1,Fus,Sod2,Naca,Hspb3,Zbtb47,,,
Drd1,Cc2d1b,Rce1,ENSMUSG00000074521,Rpl14,Mien1,Srpra,Ugp2,Phospho1,Amot,,,
Ly6c2,Rassf2,Dync2i1,Nfs1,Erbb3,Ank,Iyd,Acadvl,Slc16a3,Mgp,,,
Snord34,Il17rc,Tctn2,Mtch1,Oaz1,Pdcd10,App,Fau,Lyz1,Sgcd,,,
Gabra4,Polr3f,AW554918,Adam9,Rnaset2b,Nomo1,C2cd2,Acaa1b,Myl9,Shisa2,,,
Hs3st4,Rfxank,Klk1b4,Fam32a,Gckr,Acot1,Ppp2ca,Atp5mk|Gm35857,Lsp1,Large1,,,
Tcf19,Zfp938,Rgcc,Pon3,C8b,Pex2,Hsdl2,Ambp,Flrt2,Lrrc20,,,
Duxbl1,Mfap1b,Spi1,Psmd7,Sptan1,Hjv,Nnmt,Rpl10,Upk3b,Asb2,,,
Gpatch3,Cep152,Acap3,Mocs1,Slc22a30,Stag1,Pik3r1,Rpl11|Gm57721,Fhod3,Sypl2,,,
Il31ra,Gm14295,Gtpbp6,Eng,Vwa8,Cep20,Igfbp7,Cat,Sync,Snta1,,,
Cys1,Commd10,BC028528,Fcgr2b,Magt1,Rbx1,Syne2,Scd1,Plcd4,Tgfb3,,,
C1qtnf3,Katnbl1,Aplf,Eif3k,Mgam,Eva1a,Apol7a,Rpsa,Sema3c,Adsl,,,
Fsbp,Fbxo4,Snhg3,Strn3,Ddi2,Epb41l5,Nr1h3,Hamp,9330159F19Rik,Art3,,,
Mogat1,Med17,Rnf150,Ndufs7,Habp2,Nap1l4,Colec10,Cox7b,Sulf1,Oaz2,,,
Brdt,Zfp267,Exoc2,Spred1,Calm1,Zfp970,Stip1,Fasn,Egflam,Unc45b,,,
Saxo2,Camsap3,Col5a3,Bmpr1a,Lrrc3,Ptpra,Hyou1,Pemt,Tmem52,Mlf1,,,
Plekhn1,Piezo1,2810021J22Rik,Psmb2,Dnajc3,Acp1,Ptbp3,Atp5f1e,S100a4,Clip4,,,
Egr2,Pdss2,Pitpnm1,Timm13,Rpl36al,Gdf2,Chd4,Gapdh,Ankrd9,Dnaja4,,,
Slco1a6,L3mbtl3,Bmp4,Ptgr2,Hadhb,Cul5,Rab43,Apon,Cand2,Shisa4,,,
Klhdc8a,Myd88,Pars2,Irs1,Apom,Cast,Tcf25,Mug1,Gpr157,Dennd4b,,,
Agrp,Lpcat1,Ppard|1810013A23Rik,Pts,Dstn,Smim20,Cideb,Fgg,Trim16,Rbm20,,,
Rab7b,Serf1,Vamp1|E130112N10Rik,Ptgr3,Ifitm3,Nek6,Luc7l2,Apoa4,Asb18,Rab12,,,
Cfap161,Map2k6,Pde5a,Atg5,Tmem256,Msrb3,Mprip,Itih4,Chrnb1,Rangrf,,,
Tc2n,Alkbh1|Nrp,Mad2l1,Ide,Tm9sf2,Tm9sf4,Rad23b,Rps3a1,Cdpf1,,,,
Shisal1,Osbpl5,Ralgps1,Stom,Aifm1,Mrpl20,Ppm1a,Serpinc1,Cilp,,,,
Npl,Tmem267,Ndn,Iars2,Pebp1,Dvl1,Wdfy3,Ndufb9,Smco1,,,,
Zfp579,Tsr2,Nos1ap,Psma5,Nisch,Rnf144b,Pnpo,Bdh1,Evc,,,,
Pidd1,Il18bp,Exd1,Atp2b1,4931406C07Rik,Lamtor5,Slc16a12,Adipor2,Kcnb1,,,,
Sprr2j-ps,Ikbke,1110038F14Rik,Rpn1,Pbld1,Dad1,Nqo2,Abca1,Snai3,,,,
Wnt3,Gemin5,Bbs5,Mme,Rpl13,Tm6sf2,Dsp,Agt,Kcna7,,,,
Myh7b,E130311K13Rik,Klhdc8b,A730008H23Rik|Hjurp,Pttg1ip,Thoc7,Cdv3,Ugt2b36,Asb5,,,,
Nalf2,Eral1,Slc37a1,Zmynd11,Flnb,Msmo1,Slc16a7,Cyp2a12,2310022A10Rik,,,,
Cntf,Bace2,Fam219a,Cpne3,Psma4,Slc30a1,Timm8b,Hsd3b7,Itgb6,,,,
Gm10532,Mrm2,Zfp169,Ociad1,Acadl,Tor1b,Txnip,Upp2,Reep1,,,,
Shbg,Pgs1,Lrrn1,Brk1,Paics,Add1,Ccl9,Rpl35,Dusp10,,,,
Rasl12,Ripor1,Prkcb,Gfm1,Glyat,Dus1l,Bloc1s1,Etfb,Dok7,,,,
Fbxo16,Exoc8,St6galnac4,Csf1r,Furin,Abcf2,Abcc9,Proz,Plpp7,,,,
Arhgap15os,Rbm14,Eml5,Trak1,Ccs,Dnajc11,Faah,Paqr9,Cst6,,,,
Zfp1004,Iqce,9530026P05Rik,Srp9,Bmpr2,Dele1,Slc22a26,Rps21,Hspb2,,,,
Gm10637,Vipas39,Il34,Ssr1,Snord17,Atg9a,Atp5f1d,Reln,Dand5,,,,
ENSMUSG00000115697,Gga3,Trdmt1,AU022252,Cflar,Mesd,Ube3a,Serpina3m,Slco5a1,,,,
Vmn1r77,Tbc1d10a,Spn,Vamp8,Cpn1,Tymp,Fam210a,Pck1,Sh3rf2,,,,
Bmp8a,Rnf26,Bloc1s4,Fnip2,Gpt2,Mrpl1,Cyp2d22,Hgd,Igdcc4,,,,
Sox17,Tsen15,Casp1,Osbpl8,H1f0,Cpsf6,Pank3,Hsp90ab1,St3gal2,,,,
Slc15a1,Eif1b,Nlgn2,Col3a1,Tmem183a,Ifi27l2a,Hspb8,Rpl34|Rpl34-ps1,Bst1,,,,
ENSMUSG00000083457,Fam222b,Ufsp1,Mgat1,Srrm2,Sil1,Ctnnd1,Rpl15,Podxl2,,,,
Fbxl22,Frmd4a,Dnaaf2,Ern1,Sdhb,Gbp10,Sdr42e1,Ndrg2,Popdc2,,,,
Rergl,Cep162,Podn,Tufm,Pdia3,Stim1,Pccb,Atp5pb,Hspa1l,,,,
Cenpw,Atp13a2,Il2rb,Ggnbp2,Hpn,Mkks,Pcsk6,Arg1,Ly6a,,,,
Nckap5l,Xpa,ENSMUSG00000112639,Naa60,Tmsb4x,Btaf1,Ecpas,Canx,Tmc7,,,,
Hbegf,Rab29,Bend4,Cd151,Ces2e,Atp6v0c,Rps28,Hamp2,Ehd2,,,,
Calcb,Zfp870,Lrrn4,Ergic2,Hipk3,Tnxb,Anpep,Abca6,Acta2,,,,
Blnk,Gprasp1,A630072M18Rik,Naprt,Alad,Snora78,Mknk2,Cyp3a41a,2310020H05Rik,,,,
Lgi2,Dhx58,Tceal1,Zfp706,Stab1,Ctbp1,Lrrc58,Prdx1,Slc35e4,,,,
Alx4,Pibf1,Selenoh,Mccc2,Aldh9a1,Plbd2,Helz2,Cyp2c29,Plp2,,,,
Pip5kl1,Clcn5,Ints13,Rlim,Psmb6,Aff1,Tns3,Slc38a3,Chac1,,,,
Tmem116,Ppan,Papln,Sgms2,Hsd3b3,Cobll1,Onecut2,Fah,Plet1os,,,,
Cx3cr1,Nt5c3b,Zfp653,Xpo7,Tomm70a,Rnf152,Ddah1,Eif4g2,Yipf7,,,,
Itgae,Zfp960,Micall2,Itgav,Plxnb2,Nectin1,Rpl26,Nit2,,,,,
Osbp2,Epn2,Hsf4,Acsl4,Entpd5,Arl8b,Scap,Plin2,,,,,
Samsn1,Hexd,Zfp697,Cdc37,1600014C10Rik,Mrpl57,Opa1,Cox4i1,,,,,
Tsks,Frmd6,ENSMUSG00000089726,Slc15a4,Rpl18a,Syngr2,Tecr,Ece1,,,,,
Slc66a3,Sirt4,Naaa,Hsd17b8,H6pd,Uqcc2,Tuba1c,Ghr,,,,,
Pitx2,Ift88,Cxcr6,Psmd11,Txn1,Sgta,Lyst,Ttpa,,,,,
Vmn2r69,Cradd,Klk1,Raf1,Rpl28,Acy1,Ugt2b35,Atp5me,,,,,
Vmn2r44,Cbll1,Thsd1,Tjp1,Serpina11,Dglucy,Stard7,Lcat,,,,,
Tmem255b,Zbtb2,Loxl3,Irgm1,Cyp2d9,Rnf6,Tgm2,Ces1c,,,,,
Tm4sf5,Nup188,Etv1,Clptm1l,Hebp1,Twsg1,Retreg1,Rps29,,,,,
Gata2,Cdk19,Cbx7,Pdzd8,Hint1,Dusp1,Rab7,Cyp2e1,,,,,
Clhc1,Ppox,Cdkn2c,Nktr,Oxr1,Mafg,Gcsh,Cfb,,,,,
Pcdha5,Pirb,Dbf4,Miga2,Maged1,Smim14,Hs6st1,Alas1,,,,,
Ccn6,Hand2,Itga2b,Smarca5,Ndufb4|Ndufb4c|Ndufb4b,Csnk2b,Calm2,Eci2,,,,,
Entpd2,Slc22a29,Lrit2,Dtx3l,Ash1l,Sult1b1,Aff4,Hpx,,,,,
Nxpe3,Polh,Cmtm7,Tnks2,Amfr,Nlrp12,Sh3glb1,Gjb1,,,,,
H2bc13,Snai2,Kera,Eps15,Col14a1,Tmpo,Prox1,Cox7c,,,,,
Cfap126,Cd53,Tspan2,Itsn2,Rps20,Cdc73,Chuk,Apcs,,,,,
F830045P16Rik,Tlr3,Ikzf2,Cr1l,Rbm39,Ikbkg,Lpin1,Got2,,,,,
Bnipl,Ripk4,Mxra8,Pdk1,Copa,Irs2,Arfgef1,Inmt,,,,,
Epb41l4a,Dip2a,Sys1,Tmed10,Arhgap5,Inppl1,Park7,Khk,,,,,
Cacna2d3,Fam50a,Tmem67,Ces2g,Etfa,Cox16,Clmn,Rps14,,,,,
Csf2ra,Bcl2l11,Setmar,Hs3st3b1,Qsox1,Mff,Kat2b,Insig2,,,,,
Gabrr2,Alg14,Eda2r,Tmem64,Papss2,Mrps18a,Ndufs6,Tpt1,,,,,
Naip6,Itpk1,Lrfn3,Pcnx1,Ppib,Ptprc,Myo18a,Atp5f1b,,,,,
Atp2b3,Asap2,Col20a1,Polr2b,Ndufs2,Gatb,Usp24,Aass,,,,,
Nrip3,Cbx2,Arhgap20,Epb41l2,Bphl,Ppp1r37,Sdhc,Comt,,,,,
Npy4r,Ttc21b,ENSMUSG00000092368,Pcp4l1,Slc40a1,Kmt2e,Zhx3,Fmo5,,,,,
Nacad,Atp2b2,Pierce2,Abhd17c,Sidt2,Pnpla2,Psmc6,Rps25,,,,,
Tmc8,Vamp4,Hmga1,Ipo8,Ces3b,Iars1,Nrp1,Hspa8,,,,,
Tmem44,Alg2,Smyd3,Acss3,Met,Pura,Mylk,Dnaja1,,,,,
Bcas1,Hinfp,Dusp28,Pik3c2a,Lsr,Hcfc1r1,Sh3bgrl,Abcc2|Gm10768,,,,,
Spata9,Prcp,Ccdc166,Ctsc,Eef1b2,Tmem254,Ndufb7,Mtarc2,,,,,
1700016L21Rik|Gm38673,Ogfod1,Apobec3,Crls1,Gpd1,Map3k5,Spag9,Tmprss6,,,,,
Nol4,Taf11,Dcaf15,Cyfip1,Ppp1ca,Spag7,Ahsa1,Agxt,,,,,
P2ry14|F630111L10Rik,Hnrnpa0,Pop7,Tapt1,Agpat3,Ost4,Flna,Uqcrb,,,,,
ENSMUSG00000087365,Alms1,Maoa,Pdk2,Ncoa4,Snx10,Ddx6,Rpl35a,,,,,
Cxcl2,Crtc2,Crppa,Septin7,Rora,Ier3ip1,Abcg8,Sult1a1,,,,,
1700003F12Rik,Orc5,Dph6,Ywhag,Cd47,Stoml2,Acacb,Abcd3,,,,,
Asb4,Gtf2f2,D430019H16Rik,Ddx50,Cyp1a2,H2az1,Cct6a,Ech1,,,,,
Plppr1,Entpd6,Zfp658,Eif3l,Lpin2,Ndfip2,Ndufs4,AI182371,,,,,
Doc2g,Zbtb39,Tsacc,Krt8,Acox2,Nsfl1c,Cul4a,Gstz1,,,,,
H2ax,Igsf8,Tbxas1,Dnajc22,Mt1,Abi1,Sppl2a,,,,,,
Or52j3,Dedd2,Aldh1a2,Ppp2r1a,Slc25a3,Jup,,,,,,,
Cyp2d34,Mettl1,Fam98c,Odc1,Me1,Armc1,,,,,,,
Ier3,Zfp952,1700007L15Rik,Pbrm1,Cyp8b1,Mvp,,,,,,,
ENSMUSG00000097924,Pgp,Mageh1,Abhd14b,Abcc6,Btg1,,,,,,,
Nmbr|1700016L04Rik,Vamp2,Samd5,Mrpl13,Pcbd1,Rad23a,,,,,,,
Slc6a17,Pip4p2,Pgap2,Myo5b,Pm20d1,Acin1,,,,,,,
Pnpla1,Smc2,4632428C04Rik,Trim24,Nbeal1,Gabpb2,,,,,,,
A530088E08Rik,Tcf3,Clcn6,Tmem135,Zfp91,Kdm1b,,,,,,,
Dach2,Isg15,Hic1,Gprc5c,Map1lc3b,Lmna,,,,,,,
Serpina3i,Rnf25,Rfc4,Emc7,Ybx1,Snap23,,,,,,,
Sox21,Abi2,Cep57l1,Ppp4r3a,Steap4,Cyth1,,,,,,,
Snord8,Fuz,Tchp,Ppfibp1,Vkorc1,ENSMUSG00000088185,,,,,,,
Kif20a,Apbb3,Nudt15,Pdap1,Ptprf,Crbn,,,,,,,
Ptpn5,Rbm42,Mthfd2l,Ndufab1,Skp1,Dnmbp,,,,,,,
Hyls1,Tbce,Cnot10,Cdip1,Eif2s3x,Sfi1,,,,,,,
Armcx6,Slc12a4,Adamtsl1,Tle1,Tcn2,Tmed5,,,,,,,
Parvg,Mrtfa,Spats2,Psmc5,Uqcrfs1,H2-T22,,,,,,,
Pitx1,Amer1,Tnfaip8,Gstm7,Pcyox1,Snord15b,,,,,,,
Cfap43,Slc45a4,Morrbid,Zfp638,Immt,Smad5,,,,,,,
Gm14634,B4galt7,Tfe3,Rrp1,Acbd5,Rprl3,,,,,,,
Hnf4aos,Asic5,Lpin3,Tnpo3,Wnk1,Zc3h15,,,,,,,
Spdef,H1f3,Lrwd1,Prelp,Psmc1,Tcea3,,,,,,,
Larp6,Efl1,Fbxo36,Usp8,Ppp6r3,Cttn,,,,,,,
Usp29,Sgsh,Mcpt4,Lamtor1,Ndufa3,Dctn1,,,,,,,
Nap1l3,Mta3,Zfp366,Ctso,Azin1,Igsf5,,,,,,,
Slc24a5,Rps6kb2,Rad52,Rap1a,Tm9sf3,Msr1,,,,,,,
4930440I19Rik|Gm14461,Spc24,Nup42,Crebrf,Clec4f,Acvr2a,,,,,,,
Icosl,Nup133,Spata22,Rapgef1,Msrb1,Cdc42bpa,,,,,,,
Nkx2-6,Nudt14,Ptgis,Atad1,Cyp2d13,Acbd4,,,,,,,
Hpdl,Aatf,Rgma,Rock1,Acads,Srsf11,,,,,,,
Zfp341,Fli1,Zfp521,Wdr18,Hgfac,Ndufaf4,,,,,,,
ENSMUSG00000097440,Gfod2,Dntt,Cnot6l,Copb2,Snw1,,,,,,,
Lce1i,Prom1,Slc52a2,Slc6a6,Dcaf8,Gatad2a,,,,,,,
Cd55b,N6amt1,Pdss1,Eny2,Ugt2a3,Zmym5,,,,,,,
Sh2b2,Nhsl2,4931414P19Rik,Mea1,Rpl10a,Pitpnc1,,,,,,,
Klk1b5,Msh3,Pomgnt2,Cnot8,Bckdha,Ufl1,,,,,,,
Mfsd10,Zfp354a,Dtnb,Fcho2,Sec24c,Nup98,,,,,,,
Rnf17,Chchd5,Spats2l,Tbcel,Chmp2a,Wsb2,,,,,,,
Panx2,Cars2,Mtnap1,Abhd3,Mlec,Vsig4,,,,,,,
Hsd3b6,Tdrp,Fancg,Coa3,Gnas,Inhbc,,,,,,,
Epyc,Plekha7,Ctla2b,Afdn,Sult3a1,Limd1,,,,,,,
Sfrp5,Zfp709,Ncf4,Tmem50a,Prkd3,Brd4,,,,,,,
Cxcr4,Rrp12,Clstn2,Zdhhc9,Pten,Tmem97,,,,,,,
D030045P18Rik,Limk2,Egfem1,Flt4,Mbl1,Slc35g1,,,,,,,
Ltc4s,Ago4,Cntnap1,Puf60,Gldc,Gimap6,,,,,,,
Vxn,Rad51d,B4galt6,Set,Ppa1,Ptdss1,,,,,,,
Wnt2b,2700049A03Rik,Hlx,Susd6,Ndufb3,Tmem147,,,,,,,
Cimip2b,Nlk,Rfx1,Ccdc47,Eif4b,Dock4,,,,,,,
1810010H24Rik,Tfb1m,Siglece,Wbp2,Mcfd2,Xpr1,,,,,,,
Gm16793,Wdcp,Coprs,Naxe,Insig1,Vps29,,,,,,,
AA467197,Sf3a2,Snrnp35,2900026A02Rik,Pipox,Tmem150a,,,,,,,
Alox12,AI837181,Renbp,Snrk,Rpl22,Aurkaip1,,,,,,,
Npy2r,5530601H04Rik,Gja4,Zfp207,Cyb5b,Chn2,,,,,,,
Lipt2,Prpsap2,1700028E10Rik|Gm3704,Ttc3,Mocs2,Cdc123,,,,,,,
Cfap299,Asb6,Gprc5b,Mtdh,Cd36,Gid4,,,,,,,
Slc6a4,Fam117b,Zfp385a,Vps26a,Insr,Ube2f,,,,,,,
Pnma8b,5031425E22Rik,Cd86,Setd2,Surf4,Pole4,,,,,,,
Rd3,Apaf1,Srp54b,Hax1,Cldn12,Tial1,,,,,,,
Nav3,Fastkd5,Myo1f,Rabep1,Ugt1a5,Dnm2,,,,,,,
Pcdh15,Tubgcp3,Sft2d3,Dazap2,Akr1d1,Raly,,,,,,,
Cubn,Ttll5,ENSMUSG00000092075,Ptcd3,Ndst1,Pecam1,,,,,,,
Snora33,Sf3b4,Mynn,Api5,Sec61g,Cd55,,,,,,,
Cldn23,Mios,Thpo,Shc1,Hpgd,Bcar3,,,,,,,
Kantr,Olfml1,Rbl1,L2hgdh,Dync1h1,Tmem70,,,,,,,
Zbtb25,Ubtd1,Unc119,Rpl7l1,Cpb2,Mrpl28,,,,,,,
Gpa33,Gm11437,Porcn,Ltn1,C9,Dctpp1,,,,,,,
Mael,Cables1,Clec9a,Ywhaz,Rsrp1,Slc25a30,,,,,,,
Ccl17,Glt8d1,Ccl11,Kyat1,Psma7,Tut4,,,,,,,
Glrp1,Tia1,St8sia5,Ube2r2,Bzw1,Rap2c,,,,,,,
Zc3h12d,Pogk,Trim47,Aadat,Gstt1,Kalrn,,,,,,,
Lipm,Arhgdib,Mfsd9,Ets1,Nfib,Pex14,,,,,,,
Msh5,5730409E04Rik,Adgrv1,Hnrnpul1,Mrc1,Spp1,,,,,,,
Phlda2,Lbh,Taf6l|Gm2518,5031439G07Rik,Pnpla7,Nub1,,,,,,,
1700008J07Rik,Bcl3,A430035B10Rik,Iigp1c,Sult2a2,Nbas,,,,,,,
Gja5,Sqle,Smad9,Idi1,Eif5,Car5a,,,,,,,
2610206C17Rik,Tubgcp5,Zfp11,Ctdsp1,Slc37a4,Nudt19,,,,,,,
5330411J11Rik,Klhl15,Snhg15,Noct,Hibadh,Zbtb38,,,,,,,
BC051537,Zfp142,Nagk,Tars1,Ganab,Sf3b6,,,,,,,
Lrtm2,Cc2d1a,Acap1,Tkt,Gpt,Dhx40,,,,,,,
Clic3,Trim11,Pdgfd,Pard3,Ddx17,Prelid3b,,,,,,,
Myt1,Ogfod2,Glis2,Alcam,Rpl27,Ddx23,,,,,,,
Olr1,Ptdss2,Rapgef3,Man1a2,Npc1,Cln5,,,,,,,
Mapk8ip2,Tmem98,Tubd1,Krcc1,Sptbn2,Cd99l2,,,,,,,
ENSMUSG00000045327,Tlr8,ENSMUSG00000102095,Sf3b2,Rdh9,Il15ra,,,,,,,
Grk1,Supt20,Wnt9a,Itgb5,Actn4,Hif1an,,,,,,,
Cfap61,Slc2a5,Olfml2a,Afg3l1,Pdia4,BC031181,,,,,,,
Tssk6,Rpusd3,Nxt1,Cyp2j6,Hmgcs1,Uhrf2,,,,,,,
AI504432,Tmem106c,Reep4,Calm3,Rgs16,Med1,,,,,,,
Sox7,Irf2bp1,Fam117a,Rnf103,Oplah,Mtfp1,,,,,,,
Uhrf1,Slc2a8,Mcm5,Phf3,Rnf13,Lclat1,,,,,,,
Pex5l,Cyth3,Astn2,Atxn2,Trip12,Snx19,,,,,,,
Pglyrp1,Pcbd2,Alpk1,Gtf2i,Eif4a1,Scyl1,,,,,,,
Itgax,Pcsk4,Gas7,Dsc2,Golim4,Ostc,,,,,,,
Tekt2,Cwc22,Snrnp48,Atp8b1,Epas1,Egln1,,,,,,,
Col23a1,Npm3,Cdc25a,Usp25,Bpnt2,Cbx3,,,,,,,
Tpsg1,Mtmr12,Nck2,Cavin2,Upb1,Slc22a27,,,,,,,
Bend5,G6pdx,Dsel,Churc1,Atxn7l3b,Clcn7,,,,,,,
Fam124b,Katnal1,E2f8,Klb,Dsg2,Flad1,,,,,,,
Artn,Myadm,Abhd10,Purb,Lipa,Uck1,,,,,,,
Gpr27,Snx12,Guca1a,Larp4b,Xbp1,Clpb,,,,,,,
Pcdhga7,Sh3bp2,Smarcd1,Etfrf1,Reep6,Dio1,,,,,,,
ENSMUSG00000072679,Dtx4,Cdin1,Ube3c,Nfe2l1,Sult3a2,,,,,,,
Gal3st2b,Ing5,Dgke,Usp32,Pcmtd1,Cyp51,,,,,,,
Hspa2,Sema4b,Gas8,Zkscan1,Tax1bp1,Smim11,,,,,,,
Gpr45,Mapk8ip3,Metrn,Pacsin2,Pgk1,Arsg,,,,,,,
Mobp,Zfp369,Ccr3,Vps41,Ang,Homer2,,,,,,,
Gsdma,Nsmce2,Frem1,Taf10,Slc38a2,Rbm3|Rbm3-ps,,,,,,,
Or1l4,Insc,Taf1c,Stat2,Lars2,Asnsd1,,,,,,,
ENSMUSG00000086224,Plscr1,Slc35f6,Sos1,Perp,Map3k7,,,,,,,
Tmem229a,Utp25,Tmem102,Zfand6,Cyp27a1,Thnsl2,,,,,,,
Snord88a,Npr3,Rpp30,Sra1,Ehd3,Faf1,,,,,,,
Il1bos,Ppwd1,Tiam1,G3bp1,Rpl3,Cul2,,,,,,,
Prss30,Gtf2b,Dchs1,Lrp4,Cd1d1,Ctdsp2,,,,,,,
Kcnab2,Cryl1,Mill2,Atad3a,Rdx,St6galnac6,,,,,,,
St8sia2,Cdkl5,Spaca6,C1galt1,Hoga1,Pgap1,,,,,,,
Irf4,Tnfrsf12a,Dzip3,Itpr2,Plpp3,Ppp1r7,,,,,,,
Kcnk2,Eme2,3110082I17Rik,Tns2,M6pr,Ubr1,,,,,,,
Dnajb13,Usp46,Nek1,Kdm5a,Tmed2,Hnrnpdl,,,,,,,
Cryba4,4930523C07Rik,Mpz,Rorc,Norad,Mat2b,,,,,,,
Ccdc146,Ccp110,1810034E14Rik,Anapc1,Dbt,Usf2,,,,,,,
Slc36a2,D17H6S53E,Vcan,Slc25a11,Mthfd1,Tmem250,,,,,,,
Gm20597,Qpct,Nol11,Syne1,Plcxd2,Sf1,,,,,,,
Slc6a2,Ropn1l,Star,Ywhae,Cox8a,Zmat2,,,,,,,
Hsf3,Jpt1,Adgrf1,Emc3,Snd1,Zbtb41,,,,,,,
Tmem150c,Zfp324,Mettl14,Mbnl2,Eif4ebp2,Arih2,,,,,,,
4933433G19Rik,Pllp,Cd72,Sdcbp,Cyp4v3,Kxd1,,,,,,,
Cacnb2,Tmem175,Dnajc24,Amt,Edem1,Arf3,,,,,,,
P3h4,Gmfg,Utp23,Ube2l6,Slc25a25,Rassf8,,,,,,,
D430041D05Rik,Csnk1g1,Ripor2,Tmem248,Cyp17a1,Gde1,,,,,,,
Nlrp3,Gpr137,Tlr13,Metap2,Rps4x,Mrpl17,,,,,,,
Prox2,Tmem69,Wdr19,Nav2,Uba1,Ube2g2,,,,,,,
Ccdc81,Nup160,Brca1,5033403H07Rik,Sc5d,Cnih1,,,,,,,
Fam243,Mark4,Nr1h5,Nedd8,Tgoln1,Gstp3,,,,,,,
Ifi208,Pramel12,Cytip,Ulk1,Ndufa5,Iqsec1,,,,,,,
Kcnh7,Sesn2,Praf2,Coq5,Slc17a2,Tsc1,,,,,,,
Dmkn,Lrrc42,Trmt10a,Trp53inp1,Ptp4a1,Esyt2,,,,,,,
Sall2,Med11,Septin6,Dlg1,Uqcr10,Senp6,,,,,,,
Cdcp1,Galnt10,Arhgap44,Tfpi2,Rplp0,Dock8,,,,,,,
Ackr1,Zbtb21,Cd52,Tango2,Ssr3,Drg1,,,,,,,
Ptpn22,Zfp217,Degs1l,Fkbp5,Rplp2,Atp6ap2,,,,,,,
Vmn1r3,Mrps12,Rgs19,1810055G02Rik,Slc39a14,Tsc22d1,,,,,,,
Tmprss7,Inip,Fbxo7,Mrpl24,Mgll,Cdhr5,,,,,,,
Gnaz,Atp8a1,Nckipsd,Mgat2,Aox3,Rpl22l1,,,,,,,
Bglap2,Rex1bd,Cfap410,Akt1,Ei24,Adam23,,,,,,,
Ube2u,Slc39a13,Borcs6,H1f4,Acot3,Zbtb7b,,,,,,,
AI463170,Btbd8,Dtwd1,Sumo3,Gclm,Slco2a1,,,,,,,
Bcl2l10,Zbtb46,Matn2,Mfsd1,Gns,Ormdl2,,,,,,,
Inha,Ppih,Get1,Cops6,Slco2b1,Tmem63b,,,,,,,
Akr1b7,Agk,Kctd7,Sacm1l,St13,Cd163,,,,,,,
Tm4sf20,Gpatch1,Sec61a2,Elk4,Ubr2,Plin3,,,,,,,
Map10,Orai1,Gemin4,Rnf7,Gys2,Apoo,,,,,,,
Acrbp,Ap5s1,Telo2,Aqp11,Atl2,Sugct,,,,,,,
Azin2,Cep44,Itpka,Cep350,Klhl9,Msi2,,,,,,,
Ndufa4l2,Folr2,Ccdc85b,Dlat,Dcaf11,Golga2,,,,,,,
Anxa13,Chsy3,Slc19a1,Capn2,Bhlhe40,Tbl1x,,,,,,,
Cfap53,Pot1a,Lipo3,Itfg1,Btf3,Phkb,,,,,,,
Foxl2os,Tjp3,Mrgbp,Eif5b,Gamt,Dhrs7,,,,,,,
Oas1b,Abcc4,Wdsub1,Bnip2,Hagh,Atf7ip,,,,,,,
Snord49a,Spout1,Glmn,Pomp,Fyco1,Sel1l3,,,,,,,
ENSMUSG00000054418,Snx16,Incenp,Nfx1,Sdc2,Mtmr10,,,,,,,
Tead4,Zfp384,Rpgr,Slc39a8,Mia3,Cstb,,,,,,,
Trpm5,Agbl3,Ddx18,Zeb2,Mrfap1,Fam13a,,,,,,,
Wdr17,Tfcp2,Brip1,Bckdhb,Srebf1,Ubtf,,,,,,,
Ripply3,Mcam,Ptpre,Zfp266,Setd3,Psmd14,,,,,,,
Zfp879,Icam1,Cd4,Tmem19,Fech,Nfat5,,,,,,,
Gpbar1,Bmf,Gbp5,Pik3ap1,Eif4a2,Kcmf1,,,,,,,
4932702P03Rik,Ncf2,Tatdn3,Rangap1,Dnaja3,Ss18l2,,,,,,,
Nova1,Slc50a1,Prok1,Lima1,Eno1,Ppp6r2,,,,,,,
Tceal3,Prkch,Nup35,Gchfr,Rnf128,Pyurf,,,,,,,
Sox12,Gata6,Tspan18,Nsd3,Acadsb,Fam20c,,,,,,,
Aurkc,Ptcd1,Mfap4,Diaph1,Mtss1,Tsku,,,,,,,
Guca2b,Dapk3,Clec12a,Dpp8,Atp5mj,Col4a2,,,,,,,
Cfap65,Zfp101,Snord14d,Spcs1,0610005C13Rik,Slc25a42,,,,,,,
Fam110b,Pradc1,Lrrc40,Fitm2,Gnai3,Vps13a,,,,,,,
Lpcat2,Ctnnbip1,Ccdc149,Sem1,Lipc,Sbf1,,,,,,,
Zfp536,Fam76b,Efnb2,Sec61b,Dpp4,Ttc23,,,,,,,
2310069B03Rik,Rab27a,Zfp213,Arpc3,Stab2,Chchd1,,,,,,,
Spag6l,Plekhh3,Syde1,Slc35d2,Psmd8,Ppp1r10,,,,,,,
Far2,D16Ertd472e,Lacc1,Hook1,Ctnnb1,Uqcc3,,,,,,,
Crocc,Galc,Ndst2,Mup10,Psma3,Serpinb6a,,,,,,,
Foxc1,Ing2,Hps1,Lats1,Suclg2,Dnajc14,,,,,,,
Trim71,Zfp606,Sumf2,Pet100,Sec61a1,Arl6ip5,,,,,,,
Ace2,Eri1,ENSMUSG00000080242,Top2b,Nr1h4,Rbm5,,,,,,,
Efcab6,Pgls,Dlgap1,Coa5,Stard4,Polr1d,,,,,,,
Tmem17,Sdad1,Blm,Gbp11,Abca8a,Qser1,,,,,,,
Themis,Htra2,Gpx8,Araf,Fpgs,Atp6v0a2,,,,,,,
Moap1,Tnfrsf21,Zfp810,Ppp2r5e,Nme2,Supt16,,,,,,,
ENSMUSG00000097194,Hspbp1,Ntaq1,Lrrc59,Grn,Supt4a,,,,,,,
BC065397,Nabp1,Glb1l,Stat1,Wdr26,Slc39a7,,,,,,,
Dlx1,Rrs1,Atg10,Nrbp1,Sec16b,Arhgdia,,,,,,,
Amigo3,Zfp949,ENSMUSG00000029720,Cd59a,Mfn2,Gdi1,,,,,,,
Gm5127,Ogfod3,Chrna4,Pitpnb,Dst,Ehd1,,,,,,,
Slc7a6,Ggta1,Fam111a,Slc23a1,Acsm3,Ugt1a9,,,,,,,
E230025N22Rik,Jade3,Zfp628,Myo6,Ilrun,Coq10b,,,,,,,
Arg2,Cnnm3,Apbb1ip,Dnajc5,Esd,Mrpl41,,,,,,,
Rims1,Brat1,D930048N14Rik,Sfpq,Egfr,Gss,,,,,,,
Slc12a5,ENSMUSG00000099681,Cep70,Tomm7,Retreg3,Ngly1,,,,,,,
Minar2,Fat4,Rab4b,Maf,Ndufa7,Brd7,,,,,,,
Dzip1,Tbp,Mettl18,Mcc,Slc31a1,Irgm2,,,,,,,
Teddm1a,Odf2l,Qtrt1,Adtrp,Pcbp2,Ss18,,,,,,,
Stum,Plpp6,Zfp52,Tmx1,Evi5,Sdf2,,,,,,,
Etv4,Dolpp1,Adamdec1,Dhx9,Cyp2a22,Ndufc2,,,,,,,
Fam178b,Zfp932,Pabpn1,Dynll2,Xiap,Htatsf1,,,,,,,
Vmn1r198,Pdik1l,Ccdc62,Sgpl1,Elovl6,Nf2,,,,,,,
Rps23rg1,Uggt2,Gimap1,Chd8,Vps35,Prr16,,,,,,,
Or51v8,Snrnp25,Syt9,Eci1,Arrdc3,Ap3b1,,,,,,,
Crispld1,Clec1a,Rassf1,Srsf1,Cxadr,Hras,,,,,,,
Dynlt4,Rngtt,Lilrb4a,Crebl2,Ppp1cb,Fndc3b,,,,,,,
Ramp3,Banp,Tmem101,Eno1b,Tut7,Fcna,,,,,,,
Prdm5,Tmem170,Npdc1,Slmap,Herpud1,Smc6,,,,,,,
Eif4a3l1,Dmap1,Lpar1,Necab1,Deptor,Ifnar2,,,,,,,
Pcdhb14,Dgka,Gimap5,Iscu,Hmgcl,Arpc1a,,,,,,,
Arhgap28,Peds1,Adat2,Jmjd1c,Tprkb,Foxa3,,,,,,,
Klk9,Hook2,Bhlhb9,Paip1,Trap1,Zfx,,,,,,,
Rasd2,Mtf2,Dusp7,Rnf114,Tmem30a,Rnf19a,,,,,,,
Lce1m,Inca1,Sobp,Tab2,Mapk1,Micos10,,,,,,,
Tet1,Vcf1,Atp8b2,Brwd1,Serpina10,Pex6,,,,,,,
Slc6a20b,Trmu,Rab34,Pi4ka,Rps10,Mdn1,,,,,,,
Cage1,Arsa,Rpl34-ps1,Mt2,Ctsd,Adrm1,,,,,,,
Zfp345,Zfp219,Fdxacb1,Tnrc6a,Ppp1r3b,Arid1b,,,,,,,
Rubcnl,Crybg2,Aifm3,Tmem245,Rpl12,Rwdd1,,,,,,,
Chaf1b,Emilin2,H1f1,Klf3,Dpys,Sdr9c7,,,,,,,
Mansc4,Mrnip,Ltbp2,Sult2a5,Ifitm2,Commd6,,,,,,,
Dhrs9,Cyria,Lgals3,Pcnp,Coq8a,Hprt1,,,,,,,
Rab6b,Recql5,Fam118a,Capzb,Selenof,Fbxo31,,,,,,,
AI197445,Dolk,Il1a,Ubl3,Arl5a,Golga7|Gm6829,,,,,,,
Cngb3,Rabl3,Myef2,Gpbp1l1,Sds,Vps54,,,,,,,
Nlrp1b,Gata4,Haghl,Psmd6,Nat8f1,Dyrk2,,,,,,,
Gpr33,Atad2,Zfp418,S1pr1,Jak1,Zfyve26,,,,,,,
Klrb1b,Mnat1,Actc1,Abca2,Cct5,Gna11,,,,,,,
Cdc25c,Tagln,Ccnj,Mrpl27,Mmut,Bst2,,,,,,,
ENSMUSG00000083844,Top3a,Accs,Vnn1,Hnrnpf,Nop10,,,,,,,
Gdpd5,Eri2,Rusc1,Dlc1,Os9,Avpi1,,,,,,,
Tpsb2,Zfp760,Tifa,Gpbp1,Ndufs1,Ykt6,,,,,,,
Hunk,Alg9,Shkbp1,Chd9,Ggact,Phf20l1,,,,,,,
Hs6st3,Dock2,Plagl1,Arfgef2,Etf1,Ido2,,,,,,,
Cd19,Cpne1,Gm5431,Svil,C130074G19Rik,Cbx5,,,,,,,
Tagln3,Foxj3,Otulinl,Trappc13,St3gal5,Naa38,,,,,,,
Ptcra,Unk,Mrm1,Synj2bp,Rrbp1,,,,,,,,
Tmem71,Hacd1,Zfp963,Derl1,Gabarap,,,,,,,,
Pi15,ENSMUSG00000071793,Coro2b,Acot13,Dlst,,,,,,,,
Gm3716,Gtf2h4,Frat1,Ggcx,Aco1,,,,,,,,
Gm8579,Spns1,Enoph1,Ankfy1,Pafah1b1,,,,,,,,
Ebf3,Nasp,Hck,Mrpl18,Cyb5r3,,,,,,,,
Il11,Plekha2,Tmem241,Myo10,Qdpr,,,,,,,,
Tll1,Urb1,Me2,Ttyh2,Prdx3,,,,,,,,
Asmt,Trim8,Ms4a6d,Rab11b,Pcyt2,,,,,,,,
Awat2,Med30,Fam78a,Cop1,Pink1,,,,,,,,
F630042J09Rik,Tmem39a,Dusp8,Cdh5,Rdh16,,,,,,,,
Serpinb3c,Klf11,Chrnb2,Slc6a12,Acot12,,,,,,,,
Tmeff1,Recql,Lrriq3,Pum1,Matr3,,,,,,,,
BC025920,Dxo,Lrrc8b,Slc20a2,Tcp1,,,,,,,,
Arsi,Prmt1,Jag2,Arid5b,Acss2,,,,,,,,
Caps2,Wipf3,Ccdc134,Dgcr2,Fam120a,,,,,,,,
Cyp4a12a,Ggct,Ppm1h,Zfr,Zbtb20,,,,,,,,
Zfp94,Rnd2,5033406O09Rik,Ppt1,Agmat,,,,,,,,
Tnfsf18,Fhip2b,Dph2,Sh3bp5,Gpld1,,,,,,,,
Lhfpl3,Stx18,Svep1,Cops2,Maob,,,,,,,,
Ccl5,Ring1,Zfp251,Fdft1,Chchd2,,,,,,,,
Zfp677,Ift140,Tmsb15l,Eif2s2,Cct4,,,,,,,,
Snord83b,Nat8f7,Agbl5,Atp6v1g1,Arf1,,,,,,,,
Padi2,D6Wsu163e,Ncapd2,Edem3,Ces1e,,,,,,,,
4921531C22Rik,Ubxn8,Il33,Chac2,Sec24a,,,,,,,,
D16Ertd519e,9930111J21Rik1,Phc1,Cebpa,Slc4a4,,,,,,,,
Kcnh3,Crb3,Snora64,Thrap3,Dhrs3,,,,,,,,
Nkx6-2,Qsox2,Insyn1,Sap18,Shmt1,,,,,,,,
Syce3,Mid2,Rasgrp1,Copz1,Dennd5b,,,,,,,,
Prdm8,Kat2a,Gnpda2,Baz1b,Cdh2,,,,,,,,
Cacnb3,Ndufaf8,Ampd3,Nrdc,Rmnd5a,,,,,,,,
Clec2h,Kcnk10,Prim1,Dhx15,Lpgat1,,,,,,,,
Ap1s3,Nfkbiz,Nucb2,Dap,Lmbrd2,,,,,,,,
Gjc1,Gimap8,Adamts6,Ifih1,Hnrnpk,,,,,,,,
Gm20743,Zc3hc1,Actr5,Slc39a1,Tnpo1,,,,,,,,
Cdh8,Jund,Pdgfc,Arid1a,Idh3b,,,,,,,,
Ccdc121rt3,Aptx,Ddx52,Smc1a,Ndufv1,,,,,,,,
Prune2,Cmklr1,Lhx6,Nr1d1,Sqor,,,,,,,,
Med12l,Nat10,Rabl2,Ppip5k2,Cyp2c54,,,,,,,,
Fam181a,Siah1a,Lrrc51,Pds5a,Kif1c,,,,,,,,
Wtip,Rint1,E130307A14Rik,Slc17a4,Serpina1d,,,,,,,,
Marchf4,Tcof1,Pira11|Pira6|Pira7|Pira12,Wdr1,Kyat3,,,,,,,,
Fgf18,Zfp157,Armc9,Foxo3,Rps15a,,,,,,,,
Zfp1005,Casp9,Plscr4,Rhou,Uqcrc1,,,,,,,,
Ccm2l,1700012D01Rik|Nemp1,Rbm43,Elof1,Rpl36a,,,,,,,,
9330175M20Rik,Gpatch4,Mlph,Gars1,Dhdh,,,,,,,,
Rxfp3,Nudt16l1,Ift70a1,Gosr2,Rnf11,,,,,,,,
Vmn1r53,Snx24,Impdh1,Ahctf1,Degs1,,,,,,,,
Spata31d1a,Bax,Cep41,Pxmp4,Ptma,,,,,,,,
Efs,Pwwp2a,Capn6,Klf12,Amacr,,,,,,,,
Lce1a1,Iba57,Relt,Slc39a9,Cyp2f2,,,,,,,,
Vmn1r18,Edc3,Sema6b,Rcbtb2,Pgm1,,,,,,,,
Ovol2,Rbak,Iqcb1,Mob1a,Gjb2,,,,,,,,
Myf5,Ypel3,Trps1,Zfp148,Fbxo3,,,,,,,,
Ppp1r36,Bmp6,Akr1b8,Slain2,Ube2d3,,,,,,,,
A530072M11Rik,Srd5a3,Plagl2,Actr1b,Acaca,,,,,,,,
Polm,Ifit1,Tdp1,Mavs,Tns1,,,,,,,,
Nlrc3,Erc2,Tlr2,Ltbp4,Sec14l4,,,,,,,,
Zfp457,Grem2,Map3k8,Ralgapa2,Rpl21,,,,,,,,
Zfp689,Fam83h,Tpcn2,Cped1,Ldlr,,,,,,,,
Gm13749,Exosc1,Hid1,Ndufa11,Cd5l,,,,,,,,
Clvs1,Msh2,1110019D14Rik,Npc2,Aqp9,,,,,,,,
Sgo2a,Mfap3,Ugt2b37,Gstt2,BC024386,,,,,,,,
Camkmt,Slc22a15,Otud1,Glyr1,Ubr3,,,,,,,,
Tnfrsf11a,Mras,Rnf144a,Chtop,Sdf4,,,,,,,,
Nefl,Nprl3,Snora15,Smu1,Smg1,,,,,,,,
Or1ab2,Rsph3a,Mbtps2,Mlxipl,F8,,,,,,,,
H2-T3,Zdhhc8,Zfp965,Ddc,Eif4h,,,,,,,,
Rtn4r,Rnf186,Ttll1,Hspa13,Atp5mf,,,,,,,,
Rasgrf2,Smarcal1,Pop4,Ap1b1,Marchf8,,,,,,,,
Hspbap1,Hpf1,Cmtr2,Tnks1bp1,Slco1a4,,,,,,,,
Osbpl3,Nckap1l,Dennd3,Selenok,Ndufa12,,,,,,,,
Pus7l,Srgap3,Mid1,Gapvd1,Masp2,,,,,,,,
E2f2,Antxr1,Snhg5,Srp54a,Dag1,,,,,,,,
Skap1,Sort1,St6galnac3,Otud4,Nadk,,,,,,,,
Rnf208,Zfp867,Pck2,Arpp19,Lbp,,,,,,,,
Kcnf1,Ppil3,Ppp1r18,Sparcl1,C8a,,,,,,,,
Atp6v0a4,Srm,Stx1b,Syap1,Psmb7,,,,,,,,
Tlcd3b,Gm16548,Tmem25,Spcs2,Acsm5,,,,,,,,
Sspo,Ccdc32,Eipr1,Rbm7,Nbr1,,,,,,,,
Majin,Uxs1,Nipa1,Glg1,Parva,,,,,,,,
Cdt1,Ncdn,Eid2b,Sar1a,Serinc3,,,,,,,,
Srpx2,Paqr3,Bid,Fbxo21,Cds2,,,,,,,,
Vmn1r181,Map4k2,Zc2hc1c,Optn,Nudt7,,,,,,,,
4933407L21Rik,Gatd1,Arl8a,Gphn,Clec2d,,,,,,,,
Kcnq2,Zfp984,Rexo5,Cggbp1,Herc1,,,,,,,,
Dipk1c,Prpf3,Stxbp1,Oga,Itch,,,,,,,,
Dppa3,Dtymk,Olfm1,Zdhhc5,Pde3b,,,,,,,,
Ptprr,Serpina3g,Six5,Il6ra,Aldh7a1,,,,,,,,
AW495222,2310030G06Rik,Armc6,Sumo2,Lman2,,,,,,,,
Asz1,Arl13b,Vrk2,Prkar1a,Alkbh5,,,,,,,,
Caly,Inpp5d,Nup43,Fdps,Neat1,,,,,,,,
Or51f1,Ruvbl1,Zfp764l1,Cap1,Glyctk,,,,,,,,
Tbc1d2,Abr,Sp110,Slc25a46,Decr1,,,,,,,,
Vmn2r86,Trp53i11,Zfp551,Cfl1,Cct8,,,,,,,,
Or52r1,Nkapd1,Usp11,Kpna4,Ddb1,,,,,,,,
Gm20745,Slc25a21,H2bc12,Dnajb12,Serf2,,,,,,,,
Zik1,Hopx,Pigl,Ankrd28,Scarb1,,,,,,,,
Gm16291,Plekhg2,Arl2bp,Yipf5,Ctsz,,,,,,,,
Trim40,Mzt2,Tmem216,Eif2s1,Chdh,,,,,,,,
Serpina3b,Igsf6,Klf2,Cept1,Ddt,,,,,,,,
Cyp46a1,Nfxl1,Arid5a,Mrap,Ndufa13,,,,,,,,
Rassf10,Tex30,Il1rn,Cdk13,Pnpla8,,,,,,,,
Pilrb1,Cfap418,Ralgds,Agtr1a,,,,,,,,,
Slc1a1,Slc16a6,Cfap36,Abca8b,,,,,,,,,
Ctnna3,Mfsd5,Stn1,Akap11,,,,,,,,,
Snora75,Lsm4,Scara3,Rock2,,,,,,,,,
Tmprss11b,Notch4,Rbm48,Swi5,,,,,,,,,
Defb4,Tmem164,Galns,Zc3h14,,,,,,,,,
Edn2,Dpm2,Zmynd15,Ppp4r2,,,,,,,,,
Mdk,Wdr4,2310057M21Rik,Mydgf,,,,,,,,,
Abca17,Nup54,Zfp429,Trpm7,,,,,,,,,
Clca1,Ifit2,Mest,Psmb3,,,,,,,,,
Npnt,Bend7,Myo5a,Myo1e,,,,,,,,,
Ch25h,Zfp948,Snn,Sec13,,,,,,,,,
Zdbf2,Ubxn2b,H2bc3,Ogt,,,,,,,,,
Stx19,Eef2kmt,Rpa2,Dnajb9,,,,,,,,,
Gcnt3,Nop14,Zfp703,Lpcat3,,,,,,,,,
Pbx4,Mug-ps1,Tbcc,Gmfb,,,,,,,,,
6430550D23Rik,Cnnm4,Trmt12,Mtfr1,,,,,,,,,
A630076J17Rik,Rnf215,Lcmt2,Mtmr4,,,,,,,,,
Acot5,Tmem50b,Cdk20,Grb14,,,,,,,,,
Cyp2s1,Cybc1,Nek10,Gch1,,,,,,,,,
Otogl,Pspc1,Zfp433,Lmbrd1,,,,,,,,,
Prr32,Pgm2,Abi3,Rab1b,,,,,,,,,
Clec18a,Mrpl47,Zfp383,Pptc7,,,,,,,,,
Colgalt2,Taf5l,P2rx7,Tmbim1,,,,,,,,,
Tmprss11e,Nudt18,Zfp821,Pex11a,,,,,,,,,
Lgals7,E2f4,Rilpl2,Pkp4,,,,,,,,,
ENSMUSG00000090546,Btbd6,Faim,Myl12b,,,,,,,,,
Ifi209,Utp4,Zmat5,Syncrip,,,,,,,,,
Nkx1-2,Mpv17l2,H2-Q6,Poldip2,,,,,,,,,
Tnfsf15,4930556M19Rik,Slc16a13,Kpna3,,,,,,,,,
Vit,Fmnl3,Sh3pxd2b,Pfn1,,,,,,,,,
Gzmm,Crtap,Zfp607a,Arpc5l,,,,,,,,,
Pdgfrl,Fbxl18,Oas2,Man2a2,,,,,,,,,
Fam229b,Klhl26,Arhgef25,Tollip,,,,,,,,,
Barhl1,Qtrt2,Nphp1,Pglyrp2,,,,,,,,,
Cd22,Farsa,Fam135a,Cemip2,,,,,,,,,
Pcdha10,Emc9,Med18,Prdx4,,,,,,,,,
Mapk10,A330023F24Rik,Tifab,Eif3b,,,,,,,,,
B4galnt3,Slc4a1ap,Cstpp1,D5Ertd579e,,,,,,,,,
9330158H04Rik,Car2,Dimt1,Hsbp1,,,,,,,,,
Lhx1os,Miip,Fkbpl,Nfic,,,,,,,,,
Acot10,Rab4a,Col4a5,Tug1,,,,,,,,,
Padi3,Dvl3,ENSMUSG00000115018,Prpf4b,,,,,,,,,
Lysmd2,Dnajc30,Zfp668,Dhfr,,,,,,,,,
Cd300e,Adck2,Stxbp4,Pla2g12b,,,,,,,,,
P2ry10b,Pigc,Apbb1,Ube2l3,,,,,,,,,
Trap1a,Poglut3,Armc7,Trim28,,,,,,,,,
Slc17a7,Cep97,Cln6,Clint1,,,,,,,,,
Meltf,Smarcb1,Naf1,Mycbp2,,,,,,,,,
Pcdhb16,Ptprcap,Stoml1,Dram2,,,,,,,,,
Mgarp,Sucnr1,Alyref2,Cers6,,,,,,,,,
Adam4,Ltv1,Corin,Hsd17b12,,,,,,,,,
Map6d1,Tarbp1,Lmnb1,Slc12a7,,,,,,,,,
Pde10a,Zfp422,Bloc1s6,Azi2,,,,,,,,,
Fbxl7,Nod1,Csgalnact1,Ric1,,,,,,,,,
D930015M05Rik,Cpsf4l,Gtf2ird2,Mmp19,,,,,,,,,
Hs6st2,Yrdc,Rgs10,Tfam,,,,,,,,,
Gm5150,Trim37,Thoc6,Tpp1,,,,,,,,,
Wfdc12,Tmem106a,Pik3r3,Tubb5,,,,,,,,,
Scn10a,Hmgn2,Gorab,Srsf6,,,,,,,,,
Ccdc136,Adamts5,Ccdc159,Sbno1,,,,,,,,,
Ptprq,Zfp335,Dvl2,Arfgap2,,,,,,,,,
Cenpl,Mark2,Zfp691,Kif13b,,,,,,,,,
Zc3h12a,1810019D21Rik,Phf13,Arl5b,,,,,,,,,
Itprip,Mon1a,Tbc1d22b,Tmem131,,,,,,,,,
Tuba3b,Rbm41,Sla,Cpox,,,,,,,,,
Zfp941,Exosc2,Zscan20,Atp7b,,,,,,,,,
Hspb9,Fam89b,Bik,Inhbe,,,,,,,,,
BC048671,Dusp19,Fam43a,Dynlrb1,,,,,,,,,
Cenpe,Mob3c,Sap30,Trappc8,,,,,,,,,
ENSMUSG00000089987,Tbx20,Fv1,Isca1,,,,,,,,,
Ccdc85a,Prorp,Cdca4,Kmt2d,,,,,,,,,
Kank4,Pik3c2b,Pigw,Nono,,,,,,,,,
D330050G23Rik,Brms1,Pabir2,2810459M11Rik,,,,,,,,,
Dyrk4,Nedd9,9230114K14Rik,Dcxr,,,,,,,,,
Snord61,Nop58,Fntb,Akr1c12,,,,,,,,,
Dscaml1,Polrmt,Fcgbp,Sult2a3,,,,,,,,,
Cyp4a31,Eif2b3,Dkk2,Aldh5a1,,,,,,,,,
Gprin1,Rfxap,Arhgap39,Bpnt1,,,,,,,,,
Gdap1,Cstf3,Slc49a3,Rab10,,,,,,,,,
Ccl20,Lmo4,Iffo1,Supt6,,,,,,,,,
Syt7,Zfp58,Stmn1,Mpdz,,,,,,,,,
ENSMUSG00000073374,Pear1,Slc17a9,Timm23,,,,,,,,,
Mrgprh,Suv39h1,Prss53,Erp44,,,,,,,,,
Chrna7,Coro1a,Armcx1,Zc3h11a,,,,,,,,,
Prr15,Hmgb2,Snora30,Zzef1,,,,,,,,,
Cntn3,Ccnyl1,Casp4,Sft2d2,,,,,,,,,
Ppp1r35,Frmd8,Fads3,Mrps21,,,,,,,,,
B3gnt9,Cmpk2,Csrnp2,Ltbr,,,,,,,,,
Wdr93,Ppic,Gltp,Smim7,,,,,,,,,
Rasl2-9,Mettl2,Cd200r1,Pitpna,,,,,,,,,
Crnde,Mfsd3,Sncg,Mrpl14,,,,,,,,,
Igsf23,Akap7,Kif3a,Selenoo,,,,,,,,,
Vmn2r95,Usb1,Zscan25,Anxa7,,,,,,,,,
Dazl,Xaf1,Pabir1,Zmym2,,,,,,,,,
Ankrd42,Amigo1,Ccdc77,Ankrd17,,,,,,,,,
Gm6225,Efna5,Ly6d,Rab6a,,,,,,,,,
Jmjd7,Cpne2,Med26,Pdzk1,,,,,,,,,
5330413P13Rik,Phf21a,Spata7,Klf13,,,,,,,,,
4933432I03Rik,Mak16,Apod,Cnn3,,,,,,,,,
Adm,E4f1,Cep170,Slc35d1,,,,,,,,,
Celf5,Ntm,Icam2,Tmco1,,,,,,,,,
Eno4,Abca7,Gask1b,Nherf1,,,,,,,,,
Tnfrsf26,Rnf41,Rpusd2,Gbf1,,,,,,,,,
Hoxa4,Rhbg,ENSMUSG00000022639,Ppdpf,,,,,,,,,
Cdh23,Abraxas1,Neto1,Nek7,,,,,,,,,
A730020M07Rik,Bco2,Il1b,St3gal1,,,,,,,,,
Apln,Inpp5e,2310033P09Rik,Flii,,,,,,,,,
3110039M20Rik,Itpa,2310015D24Rik,Fbxo8,,,,,,,,,
Platr4,Mcrs1,Ppp2r3d,Uhmk1,,,,,,,,,
Tead2,Pld4,Ccr2,Fam136a|Gm30502,,,,,,,,,
Cfap52,Plekhj1,E130102H24Rik,Blvrb,,,,,,,,,
Cdc45,Mfsd12,Clip2,Ube2g1,,,,,,,,,
Slc26a3,Cep192,Kcna2,Dbp,,,,,,,,,
Gpr183,Itga6,B9d2,Daam1,,,,,,,,,
AY512931,ENSMUSG00002074846,AB124611,Gstt3,,,,,,,,,
Zdhhc2,Wdr59,Gm9895,Hcfc1,,,,,,,,,
Kcnrg,Urb2,Ccnf,Yif1a,,,,,,,,,
Nell1,Ccdc174,Evi2a,Erlin1,,,,,,,,,
Mkx,Ccdc97,Gas2l3,Pex13,,,,,,,,,
Tex54,Zfp113,Fpr1,Atosa,,,,,,,,,
Tmem81,Cerkl,Zxdc,Txnrd1,,,,,,,,,
Nlrp10,Csf1,St6galnac2,Ptbp1,,,,,,,,,
BC006965,Pnpla6,2310009B15Rik,Pex5,,,,,,,,,
Retn,Rtca,Zfp74,Pnp,,,,,,,,,
Grm4,A930005H10Rik,Ms4a1,Man2b2,,,,,,,,,
Ly6g6f,Zfp2,Sult2a7,Znfx1,,,,,,,,,
Apba1,Zfp933,Sox18,Echdc2,,,,,,,,,
Gpx7,Gpn3,Bbs7,Gatad1,,,,,,,,,
ENSMUSG00000113737,Cenpc1,Arhgef28,Scaf11,,,,,,,,,
Rubie,Cdk5rap1,Gfod1,Anxa5,,,,,,,,,
Ndrg4,Slfn9,Slc25a48,Hnrnpm,,,,,,,,,
Gjb5,Zfp623,Bcdin3d,Notch1,,,,,,,,,
Fgf17,Traf7,Cep128,Wac,,,,,,,,,
Oprk1,Lcp2,Oas1g,Fbxo9,,,,,,,,,
Tmem269,Rassf4,Hgh1,Clic4,,,,,,,,,
Pip,Hes1,Gnptab,Hipk2,,,,,,,,,
Fgd1,3110040N11Rik,Cpa3,Cul3,,,,,,,,,
Shisal2a,Nufip1,Mapk7,Eif4e2,,,,,,,,,
Plek2,Ezr,Zfp85,Trrap,,,,,,,,,
Stk26,Cyrib,Grik5,G3bp2,,,,,,,,,
Mrgprf,Ankmy2,Timeless,Ulk2,,,,,,,,,
Mmp21,Sart3,Mnd1,Mlf2,,,,,,,,,
Ncaph,Tpbgl,Tspan13,Sh3d19,,,,,,,,,
Nemp2,Rft1,Prkag3,Frmd4b,,,,,,,,,
Cox4i2,Dipk1a,Klf16,Aox1,,,,,,,,,
Ptpn20,Zng1,Inka2,Yap1,,,,,,,,,
Angpt2,Rgs12,5430405H02Rik,Lamtor2,,,,,,,,,
Lce1e,Ptbp2,Slc38a1,Eif1ax,,,,,,,,,
Trpm3,Dcps,Efr3b,Ndufb11,,,,,,,,,
Sost,BC024139,Thy1,Gprin3,,,,,,,,,
Cnbd2,Smyd4,Nol4l,Psmc2,,,,,,,,,
Eda,Alg13,Gbp8,Gcn1,,,,,,,,,
Vmn2r112,Pola1,N4bp3,Echdc1,,,,,,,,,
Il1rapl1,Eif2b2,Spc25,Epg5,,,,,,,,,
Vmn2r1,Prkcd,Aldh3b3,Usp4,,,,,,,,,
Gpr37l1,Bad,Dmac2l,Dnase1l3,,,,,,,,,
Haus8,Senp1,Strada,Sorbs2,,,,,,,,,
Oacyl,Rab11fip1,Lair1,Chmp5,,,,,,,,,
0610038B21Rik,Myo19,Sell,Aacs,,,,,,,,,
Ankrd7,Pced1a,Pigs,Ap3d1,,,,,,,,,
A330076H08Rik,Cfap298,Ighmbp2,Taok3,,,,,,,,,
Map3k7cl,Zdhhc13,Tpgs1,Zdhhc6,,,,,,,,,
1700009J07Rik,Plekhm3,Trim34a,Prpf19,,,,,,,,,
Gm16287,Itpripl2,Marchf1,Bcl2l13,,,,,,,,,
Tas2r137,Thap1,Eya4,Cab39,,,,,,,,,
A230057D06Rik,Rsbn1,Spry2,Sesn3,,,,,,,,,
Zswim3,Mphosph9,H2-DMa,Il13ra1,,,,,,,,,
Klhl32,Carf,Fbxl6,Nit1,,,,,,,,,
1700027J07Rik,Dph5,Gins1,Adipor1,,,,,,,,,
Or9a4,Exosc4,Fam187b,Ergic1,,,,,,,,,
B230217O12Rik,Fundc1,Gsdme,Dek,,,,,,,,,
Map6,Fam120c,Chchd6,Tmem94,,,,,,,,,
ENSMUSG00000073420,Col6a5,Senp8,Pcbp1,,,,,,,,,
Cntfr,Slc29a3,Adnp,Mrpl51,,,,,,,,,
Sult2b1|Gm5897,Tada1,Zswim1,Eif3m,,,,,,,,,
Tafa3,Zfp597,Pik3ip1,Psmd4,,,,,,,,,
Pilrb2,Morn2,Fam174b,Ewsr1,,,,,,,,,
Gm6567,Dynlt1f,Osgin2,Selenoi,,,,,,,,,
Rrm2,Sh3tc1,Gramd4,Rab2a,,,,,,,,,
B3galt5,LTO1,Fut10,Ep400,,,,,,,,,
Ptx3,Nkrf,Cbfa2t2,Hmox2,,,,,,,,,
Entpd3,Mettl21a,Ctf1,Rnf10,,,,,,,,,
5330439B14Rik,Tex10,Phf8,Dnajb11,,,,,,,,,
2610016A17Rik,C2cd5,Dnajc17,Mrpl30,,,,,,,,,
Mboat2,Tmem161b,Dennd6b,Zbtb44,,,,,,,,,
1700048O20Rik,Gla,Slc37a2,Sbf2,,,,,,,,,
Gm16576,Rap1gap,Trp63,Atp1b1,,,,,,,,,
Fosl1,Ccnq,Arhgap18,Tardbp,,,,,,,,,
Kdm8,Rnd1,Kctd15,Adhfe1,,,,,,,,,
Tmem132b,Dlgap4,Ltbp3,Slc17a3,,,,,,,,,
Scube2,Gpaa1,2210039B01Rik,Ahcyl1,,,,,,,,,
Tafa5,Slc35c1,Vps9d1,Arih1,,,,,,,,,
Duox1,Zfp280c,ENSMUSG00000077323,Washc2,,,,,,,,,
Nkx6-1,Marveld2,Arhgap4,C2,,,,,,,,,
Eqtn,Zfp747,Pard6a,Nars1,,,,,,,,,
En1,Tbl3,Taf4b,Ago2,,,,,,,,,
Smgc,Ocrl,Adrb2,Sorbs1,,,,,,,,,
Spata31e2,Lin37,Usp49,Mif,,,,,,,,,
Aldh3b1,Sdhaf1,Sec14l5,Cpq,,,,,,,,,
Dleu7,Jag1,ENSMUSG00000083022,Septin9,,,,,,,,,
Inafm1,Papss1,Dph7,Eif4g3,,,,,,,,,
Rgs7bp,Rpp25l,Tm6sf1,Ufc1,,,,,,,,,
Xkr6,Dbndd2,Napb,As3mt,,,,,,,,,
ENSMUSG00000097893,Pithd1,Kirrel1,Nf1,,,,,,,,,
H4c2,Scarf1,0610040B10Rik,Bola3,,,,,,,,,
Sorbs2os,Rab13,Skp2,Kdm2a,,,,,,,,,
Fez1,Sf3b5,9530082P21Rik,Esr1,,,,,,,,,
Cga,Gtf2ird1,Dck,Strap,,,,,,,,,
Prss16,Gpatch11,Cd300a,Pkd1,,,,,,,,,
Pcdhga5,Kdm6b,Hps5,Ppp6r1,,,,,,,,,
Emx2os,AW146154,Heyl,Hif1a,,,,,,,,,
Sema7a,Ap5z1,Sac3d1,Cldn3,,,,,,,,,
Wnt3a,Cimip3,Jam3,Emg1,,,,,,,,,
Cdc25b,Rpia,Atp8b4,Kank1,,,,,,,,,
Tpbg,Commd4,Ptgr1,Parp14,,,,,,,,,
Tsx,Zfp595,Rab2b,Celf1,,,,,,,,,
A4galt,Tmem47,Peli3,Cops3,,,,,,,,,
Sbsn,Adamts7,Limk1,Atp6ap1,,,,,,,,,
Serpinb10,Ptpn14,Wdr76,Ubxn1,,,,,,,,,
Birc5,Ppp1r16b,Zfp991,Nfia,,,,,,,,,
Pin1rt1,Mettl17,Nsg1,Higd1a,,,,,,,,,
Slc26a10,Xrcc1,Nfatc2ip,Vegfa,,,,,,,,,
Btbd17,Rabepk,Lrrn3,Hdac11,,,,,,,,,
C130060C02Rik,Dohh,Slc7a7,Apol9a,,,,,,,,,
Tsbp1,Fcsk,Polg2,Chd1,,,,,,,,,
Wfikkn2,Ttc27,Gfra2,Septin2,,,,,,,,,
Tacstd2,Katna1,Rad1,Serinc5,,,,,,,,,
Dclk2,Ptpn2,Dpep1,Psme2,,,,,,,,,
Gdnf,Mettl3,2900060B14Rik,Cert1,,,,,,,,,
Oxct2b,Magix,Tnfsfm13,Fdx1,,,,,,,,,
Cdhr1,Serinc2,Asb15,Aamp,,,,,,,,,
Fbxo5,Wrap73,Armh4,Dusp16,,,,,,,,,
Dusp4,Cdkn2aip,Zbtb42,Szrd1,,,,,,,,,
Pcnx2,Pycr3,Golm2,Tmx2,,,,,,,,,
Rrh,Osmr,Stk35,Bsdc1,,,,,,,,,
D930028M14Rik,Ddhd1,Shf,Mpv17,,,,,,,,,
EU599041,Zmym3,Csf3r,Xylb,,,,,,,,,
Fcer1a,Nicn1,Trib2,Mat2a,,,,,,,,,
ENSMUSG00000085603,Phf1,Cbx8,Rnpepl1,,,,,,,,,
Krt13,Zbp1,Tlr6,Psmd3,,,,,,,,,
Glod5,Slx4,Zfp593,Zfp655,,,,,,,,,
Gm13293,Pwp1,Impa2,Aqp8,,,,,,,,,
Or5b21,Zxdb,Arhgap25,Cpd,,,,,,,,,
Matcap1,Rbpj,Dhrs13,Pls3,,,,,,,,,
Kit,Zc3h6,Plekhg1,Dnm1l,,,,,,,,,
Cnga2,Ntpcr,Acvr2b,Eloa,,,,,,,,,
Runx1,Serpinb8,Kctd5,Ppp1r2,,,,,,,,,
6230400D17Rik,Tax1bp3,Selplg,Skic8,,,,,,,,,
Adam30,Stambp,Zfp518b,4833439L19Rik,,,,,,,,,
Gpsm3,Scamp5,Igf2,Vapb,,,,,,,,,
Mdh1b,Tspan33,Pbx3,Bmi1,,,,,,,,,
Zcchc10,Itpr3,Lamc2,Slc25a10,,,,,,,,,
Cenpa,Fam3a,Ptk7,H13,,,,,,,,,
Ptgs2,Rps6ka4,Zfp661,Cbr1,,,,,,,,,
Or8b40,Tm4sf1,Mbip,Pafah2,,,,,,,,,
Rbp2,Cdan1,Nhsl1,Anapc5,,,,,,,,,
B3gat2,Zbtb22,Prr3,Hnrnpl,,,,,,,,,
Krt9,Ppp2r2a,Tmsb15b1,Megf9,,,,,,,,,
A930012L18Rik,Rpap3,Msantd2,Chd2,,,,,,,,,
Slc10a6,Tpra1,Slc15a3,Slc3a1,,,,,,,,,
Cr2,Ncf1,Mvb12b,Mfsd4b1,,,,,,,,,
Pou2af1,Kifc3,Exosc8,Ptpn11,,,,,,,,,
Snord96a,Cactin,Leng9,Fam107b,,,,,,,,,
4930449E18Rik,Adcy5,Chml,Srsf3,,,,,,,,,
Has2,Slfn2,Ammecr1,Stt3a,,,,,,,,,
Rab15,Zbtb5,Mipol1,Dusp6,,,,,,,,,
Pla2g2c,Fbxo42,Oas3,Agmo,,,,,,,,,
ENSMUSG00000085614,Ascc1,Arl4c,Atf4,,,,,,,,,
Septin1|Gm4532,Znhit6,Zfp788,Lrpap1,,,,,,,,,
Pax3,Armh3,Armcx5,Ube2i,,,,,,,,,
Plb1,Cnot3,Cspg4,Hsph1,,,,,,,,,
Vmn2r28,Dot1l,Hdc,Prpf40a,,,,,,,,,
Nle1,Nudt16,Ube2t,Slc35e2,,,,,,,,,
Tsnaxip1,Tbpl1,Trmt44,Enpp2,,,,,,,,,
Vmn2r63,Klhl28,Ect2,Gstm2,,,,,,,,,
Xrcc3,Zfp687,Gar1,Vps28,,,,,,,,,
6530402F18Rik,Ift80,Tubgcp6,Ebpl,,,,,,,,,
Pik3r5,Mapk1ip1,Zfp493,Ywhab,,,,,,,,,
Pianp,Arl15,Zfp784,Cab39l,,,,,,,,,
Myh8,Scfd2,4933427D14Rik,Galnt2,,,,,,,,,
Fbxo39,Samd4b,Zbed3,Mogs,,,,,,,,,
Ly6g6c,Caml,Gmip,Polg,,,,,,,,,
Ces2b,Lrrc47,Ache,Mrpl50,,,,,,,,,
Aspm,Foxp4,Dio2,Mrps7,,,,,,,,,
Vmn2r20,Zfp954,Mis18a,Psmd12,,,,,,,,,
Gipc3,Cdkl2,Cdr2,Gabpa,,,,,,,,,
Pate4,Etv3,Calr3,Krt18,,,,,,,,,
Gm5547,Flrt1,Sh2d3c,Kidins220,,,,,,,,,
Slc26a6,Ldb2,Lfng,Ddx24,,,,,,,,,
Lamp3,Tyw1,Ajuba,Gm4952,,,,,,,,,
L3mbtl4,Klhdc4,Cma1,Clcn4,,,,,,,,,
8430429K09Rik,Adam15,Wdr47,Sgpp1,,,,,,,,,
Gm11166,G2e3,Epb41l3,Lrtm1,,,,,,,,,
Dgki,Lin54,Pdgfa,Slc66a2,,,,,,,,,
Plekha4,Nup93,Gpm6b,Pnkd,,,,,,,,,
Frat2,Fbxo46,Foxq1,Gnb1,,,,,,,,,
P2ry6,Terf2,Tmem128,Golga3,,,,,,,,,
Stx3,Gja1,Traf5,Dnajc19,,,,,,,,,
H3c13,Hdac1,Anxa3,Smarcc2,,,,,,,,,
Parm1,Stx8,Galnt7,Actr3,,,,,,,,,
Glis3,Polr1g,Acot11,Clock,,,,,,,,,
Slc23a3,Shld1,Tcf21,Nipbl,,,,,,,,,
2010109A12Rik,Mvk,Dkk3,Scly,,,,,,,,,
Upk3a,Serpina3c,Cks1b,Tacc1,,,,,,,,,
ENSMUSG00000085615,Haus2,Ahi1,Narf,,,,,,,,,
Rbbp8nl,Nr2f6,Nos3,Mob4,,,,,,,,,
Hoxa7,Cnpy4,Zfp108,Cops5,,,,,,,,,
Gpr15,Nabp2,Fancc,Znrf2,,,,,,,,,
ENSMUSG00000063314,Slc31a2,Gcfc2,Pex19,,,,,,,,,
Kcnh1,Wars2,Sfxn3,Tmem167,,,,,,,,,
Hapln1,Gm6710,Sestd1,Capza2,,,,,,,,,
Lck,Slx1b,Lsm11,Snx5,,,,,,,,,
Spmip2,Ifit3b,Il27ra,Acad9,,,,,,,,,
Mab21l1,Rsad2,Ttbk2,Mbtps1,,,,,,,,,
Phactr1,Slc36a4,Evi5l,Slc25a44,,,,,,,,,
Tpx2,Cdk2,Frg2f1,Hnrnpab,,,,,,,,,
Tmprss5,Ctc1,Ccdc15,Nectin3,,,,,,,,,
D030040B21Rik,Rab33b,Lipt1,BC004004,,,,,,,,,
Cyp26a1,Zfp524,Hspa12a,Atp6v1a,,,,,,,,,
Or11m3,Zdhhc7,Btg3,Lgals3bp,,,,,,,,,
Dnajb7,Pus7,Zfp964,Kars1,,,,,,,,,
Cacna1g,Kank3,Ift122,Dnajb6,,,,,,,,,
Col4a4,Gmeb2,Ermardl1,Gaa,,,,,,,,,
Gpr85,Lrrk2,Sh3tc2,Tmem37,,,,,,,,,
Ceacam10,Casp8ap2,Heph,Smarca4,,,,,,,,,
Lncbate10,Trim39,Ptpn13,Phyhd1,,,,,,,,,
Prr5,Mpg,Zdhhc24,F11,,,,,,,,,
Pierce1,Med20,Phf11c,Mapk9,,,,,,,,,
Cabp1,Mtfmt,Il2rg,Prr14l,,,,,,,,,
Cd180,Bdh2,Mtmr14,Tob1,,,,,,,,,
Hsd3b4,Zrsr2,Amy2b,Trim44,,,,,,,,,
Pdk3,Tti2,Ulk3,Rbis,,,,,,,,,
Pcdhga4,Tsfm,Hps6,Cops4,,,,,,,,,
Chl1,Cwc25,Nhej1,Tex264,,,,,,,,,
Gpr82,Mrm3,Ash2l,Rab8a,,,,,,,,,
Arsj,Slco3a1,Fam241b,Bclaf1,,,,,,,,,
Krt6b,Agtrap,Dlg4,Hibch,,,,,,,,,
Fbxw15,H2bc18,F3,Dhx36,,,,,,,,,
Fcrla,Slc25a26,Dcaf12l1,Hyi,,,,,,,,,
Tmem63c,Cep135,Poli,C4a,,,,,,,,,
Gng7,Rxrg,Tlr7,Immp1l,,,,,,,,,
Ppfia2,Klhl6,Rnf157,Zfyve1,,,,,,,,,
Tmem45b,Timd4,Ift22,Ap2a2,,,,,,,,,
Opn1mw,Pias4,Aste1,Tmem14c,,,,,,,,,
Fgf16,Tmem185b,Zfp414,Fzd4,,,,,,,,,
Snhg4,Acvr1b,Ldaf1,Cyp4f15,,,,,,,,,
Gimap7,Dgcr8,Pcdhgc4,Qrich1,,,,,,,,,
Dcaf8l,Mterf4,Tbx2,Kcnq1ot1,,,,,,,,,
Dnm1,Atxn7l1,Lrrc56,Grcc10,,,,,,,,,
Gm5134,Prmt3,Cyp4f39,Letm1,,,,,,,,,
1700001J03Rik,Mob3a,Cep131,Micos13,,,,,,,,,
Snora41,Setd6,Uba7,Akt2,,,,,,,,,
Cyp4a29,Paxip1,Ccdc138,Rer1,,,,,,,,,
Prelid3a,Rnf8,Myo1g,Psma2,,,,,,,,,
Dlx6os1,Pigb,Arrb2,Gpd2,,,,,,,,,
4930545H06Rik,Eif2ak4,Fbxl9,Sub1,,,,,,,,,
Ric3,P4ha2,Spon2,Akr7a5,,,,,,,,,
Pax8,Rbms3,Trmt13,Mrpl33,,,,,,,,,
Mpl,Wwox,Otub2,Fhip2a,,,,,,,,,
Kcnc3,Phf7,Bco1,Acad8,,,,,,,,,
Foxl1,Mir99ahg,Aif1,ENSMUSG00000118671,,,,,,,,,
Col11a2,Asb7,Pcdh18,Mgrn1,,,,,,,,,
Scart2,Prpf38a,Zfat,Acat2,,,,,,,,,
Slc26a9,Mre11a,Sema4c,Pcyt1a,,,,,,,,,
ENSMUSG00000097820,Rnf24,Nckap5,Mal2,,,,,,,,,
Mcpt8,Trappc2,Smim29,Mga,,,,,,,,,
Cbr2,Trim32,Cep89,Psme1,,,,,,,,,
Gvin1,Wipf2,Pheta1,Hycc2,,,,,,,,,
Spmip8,Zftraf1,Tfap4,Tulp4,,,,,,,,,
Pga5,Pms1,Slc22a2,Dnajc13,,,,,,,,,
Spaca1,Cep290,Gstcd,Hnrnph2,,,,,,,,,
4932435O22Rik,Oxld1,Gm7609,Csnk1d,,,,,,,,,
Ptgds,Trappc6a,Irf5,Mtor,,,,,,,,,
Prap1,Mthfr,H4c18,Cope,,,,,,,,,
Or4c114,Zfp60,Olfml2b,Sepsecs,,,,,,,,,
Lrrd1,Tipin,Tmco6,Rnf130,,,,,,,,,
Lypd1,Gmnn,B4galt4,Ndufa9,,,,,,,,,
Fndc9,Haus7,Bbs4,Ufm1,,,,,,,,,
Or10ag54,Brf1,Lrrc49,Nsun2,,,,,,,,,
3110045C21Rik,Tmem165,Mier2,Dcun1d1,,,,,,,,,
Zfp647,Zfp143,Cryzl2,Acad10,,,,,,,,,
Ccdc14,Smndc1,Tbc1d7,Gas6,,,,,,,,,
Rbp3,Unc45a,Rftn1,Efr3a,,,,,,,,,
Col4a6,Gskip,Ica1,Cd74,,,,,,,,,
Fsd1,Parp6,Firre,Nnt,,,,,,,,,
A630012P03Rik,Dhx29,Scai,Aspdh,,,,,,,,,
Anxa8,Lmbr1,Ttf1,Clta,,,,,,,,,
Esr2,Gucy1a2,Zfp827,Sp1,,,,,,,,,
Rem2,Mgme1,Dok4,Secisbp2l,,,,,,,,,
Gm17644,Izumo4,Neurl2,Tgfbi,,,,,,,,,
Rnase13,Ccdc126,Wdr89,Pcca,,,,,,,,,
Serpinb13,Gab1,F8a,Crebbp,,,,,,,,,
Fhl5,Agpat5,Usp39,Palld,,,,,,,,,
Rnf207,Gbp2,Mterf1a,Atp6v1e1,,,,,,,,,
Tas2r138,Snupn,Elf4,Cep85l,,,,,,,,,
A330102I10Rik,Gng2,Mbnl3,Slco1a1,,,,,,,,,
Tspo2,Tmcc3,Napepld,Slc33a1,,,,,,,,,
Slc22a12,Mtg1,Atat1,Cwc15,,,,,,,,,
Dnm3os,Nrde2,Airn,Sdc3,,,,,,,,,
Creb5,Lrch1,Ppm1j,Auh,,,,,,,,,
Kremen2,Slc9a9,Sash3,Galnt1,,,,,,,,,
Lnx1,Ints5,Il10rb,Sat1,,,,,,,,,
Adgrb3,Gas2l1,Cir1,Entpd8,,,,,,,,,
Sncaip,Rbmxl1,Spsb4,Ap2b1,,,,,,,,,
B3gnt6,Arhgap45,Rad9b,Ubl5,,,,,,,,,
Cacna1e,Ccdc86,Fam193b,Pja2,,,,,,,,,
Krt7,Dclk3,Klrk1,Pter,,,,,,,,,
2410004P03Rik,Mus81,Lime1,Emc2,,,,,,,,,
2610318N02Rik,Acsl3,Meox2,Trpc4ap,,,,,,,,,
Gipr,1110002L01Rik,Bhlhe41,Ibtk,,,,,,,,,
Zp2,Mxd1,Cit,Clcc1,,,,,,,,,
Elovl3,Cnnm2,Kcnn3,Cdc42bpb,,,,,,,,,
Slc26a7,Llgl1,Clstn3,Prkar2a,,,,,,,,,
Scn3b,Akap17b,Pde9a,Acp2,,,,,,,,,
Tbx4,Cnksr3,Smim1,Pals2,,,,,,,,,
Pafah1b3,Arfgap3,Cd300ld3,Ube2d2a,,,,,,,,,
Or2y1f,Zfp444,Alox5ap,Sh3pxd2a,,,,,,,,,
Snord110,Dffa,Ttyh3,Saa1,,,,,,,,,
Ctnna2,Cdc42ep2,Tspyl4,Vmp1,,,,,,,,,
Slco1a8,Slc38a9,Gemin6,Mier1,,,,,,,,,
Vmn1r227,St8sia4,Spic,Sumo1,,,,,,,,,
Sh3bp4,Tinf2,Zfpm2,Ccpg1,,,,,,,,,
Spata24,Mcph1,Zfp1,Thap12,,,,,,,,,
Tinag,Hpse,Ly96,Dnaja2,,,,,,,,,
Gm15471,Cdc42ep1,Cd320,Ciao2a,,,,,,,,,
Krt4,Daxx,ENSMUSG00000063171,Eif3f,,,,,,,,,
Fank1,Acbd6,Wdpcp,Coro1b,,,,,,,,,
Or51k1,Prickle1,Mmp7,Sp3,,,,,,,,,
D6Ertd527e,Slc8a1,Helq,Rbbp6,,,,,,,,,
ENSMUSG00000034555,Vps72,AW011738,Slc25a32,,,,,,,,,
Prdm11,Zfp994,Lrp11,Palmd,,,,,,,,,
Purg,Pfkfb3,Gjc3,Cldn1,,,,,,,,,
Tiam2,Spring1,Maml3,Txnl1,,,,,,,,,
Zfp423,Ctps1,Tmem238,Epb41l4b,,,,,,,,,
Tcf15,Cep15,Nup107,Gabarapl2,,,,,,,,,
Igf2bp2,Arhgef2,Hirip3,Drap1,,,,,,,,,
Tnmd,Rbmx,S100a11,Lasp1,,,,,,,,,
Tbx3os2,Fam167b,Itpripl1,Ctnna1,,,,,,,,,
Bach2os,Pcid2,Thumpd2,Pros1,,,,,,,,,
Pld5,Ccdc66,Ncapg2,Sun2,,,,,,,,,
Samd12,Hdac10,Ift74,Kif21a,,,,,,,,,
Noxa1,Zfp12,Alox15,Cela1,,,,,,,,,
Tacc3,Tiparp,Cnksr1,Psma6,,,,,,,,,
Dennd1c,Fhod1,Htra1,Derl2,,,,,,,,,
A330032B11Rik,Mcts2,Lmln,Spcs3,,,,,,,,,
Arhgap9,Ppp1r9a,Hk3,Zscan26,,,,,,,,,
Cxcr3,Zfp799,Itgb7,Eif3e,,,,,,,,,
Tmem198,Primpol,A230072C01Rik,Ptprk,,,,,,,,,
Insyn2a,Gpank1,Serpinb6b,Pitrm1,,,,,,,,,
Cntnap3,Zfp46,Lhx2,Napa,,,,,,,,,
Cyp2d11,Hace1,Dtx2,Trip11,,,,,,,,,
Cldn13,Meis1,Faap20,Dcaf6,,,,,,,,,
Krt16,Brd9,Trim68,Tubb2a,,,,,,,,,
Car11,Tmco4,Klra2,R3hdm2,,,,,,,,,
Zfp773,Dtd2,Sybu,Atg2b,,,,,,,,,
Trpm6,Zfp35,4732491K20Rik,Lhpp,,,,,,,,,
Car12,Klhl18,ENSMUSG00000084843,Btd,,,,,,,,,
ENSMUSG00000045464,Fzd7,1500011B03Rik|2610524H06Rik,Nfe2l2,,,,,,,,,
Syt12,Tesk2,Pdpn,Actr1a,,,,,,,,,
4930509E16Rik,Kctd6,Cdkn2d,Rab5if,,,,,,,,,
F930017D23Rik,Mndal,Slc22a4,Rb1cc1,,,,,,,,,
Tal2,Socs3,Tulp3,Brd2,,,,,,,,,
Tgm5,Dhx57,9130221H12Rik,Shpk,,,,,,,,,
Osr1,Nrf1,Cplx2,Trabd,,,,,,,,,
Twist1,Pigu,Zfp956,Itprid2,,,,,,,,,
Slamf6,Aars2,Rnase1,Cpeb4,,,,,,,,,
Spock1,Rai1,Tbc1d25,Ank3,,,,,,,,,
ENSMUSG00000097287,Rcc2,Pla2g4a,Tapbp,,,,,,,,,
Gm12522,Fan1,Unc13b,Mindy1,,,,,,,,,
Higd1b,Ankrd54,Gpc6,Acnat1,,,,,,,,,
Grk4,Adgre4,Gpr137b,Arhgap21,,,,,,,,,
Spag6,Pigo,Gna14,Rabgap1l,,,,,,,,,
Gdf1,Cenatac,Hscb,Plod1,,,,,,,,,
Rccd1,Entpd7,Alkbh7,Gnai2,,,,,,,,,
Pasd1,Fut8,Mms22l,Stau1,,,,,,,,,
Gypa,Cln3,Jrk,Vdac3,,,,,,,,,
Slc28a2,Fdxr,Slc16a11,Asah2,,,,,,,,,
Epsti1,Simc1,S100a8,Tlk1,,,,,,,,,
Grin2b,Nme3,Sfrp1,Mta2,,,,,,,,,
Or52h1,Orc2,Ogg1,Depp1,,,,,,,,,
Asic1,Stk24,Paqr4,Abcb6,,,,,,,,,
Traf3ip3,Nab2,Tbc1d19,Tomm5,,,,,,,,,
A530065N20Rik,Egr1,Kifc2,Osbp,,,,,,,,,
Or9k7,Dnajc9,Ddit4,Tmed4,,,,,,,,,
C1qtnf6,Elk3,Imp3,Aldh1b1,,,,,,,,,
Erich2,Zdhhc18,Pard6b,Pik3ca,,,,,,,,,
Nek2,Terf1,Lilra5,Usp19,,,,,,,,,
Or2l13,Mfsd8,Prkn,Manf,,,,,,,,,
Rnu6|Gm26496,Slc44a3,Sike1,Tenm3,,,,,,,,,
Xylt1,Tyw5,Plk4,Saraf,,,,,,,,,
2310043L19Rik,Erg,Itgam,Rtcb,,,,,,,,,
Has1,Nr2c2ap,L3mbtl2,Stat3,,,,,,,,,
Vmn1r5,Sclt1,Zkscan6,Map3k2,,,,,,,,,
Gm44502,Arhgap6,Trpv2,Kdelr2,,,,,,,,,
ENSMUSG00000082315,Lsm2,Cenpo,Dnajc10,,,,,,,,,
Dok1,Snrnp40,Lins1,Pnrc2,,,,,,,,,
Ogdhl,Ppcdc,ENSMUSG00000097536,Anapc13,,,,,,,,,
Bnc2,Rgl2,Zfp182,Ube2h,,,,,,,,,
Slurp1,Med31,Zfp974,Hdgf,,,,,,,,,
Mtcl3,2410002F23Rik,Cers5,Stk16,,,,,,,,,
Trim17,Eml2,Gramd1b,Arf4,,,,,,,,,
Kcna1,Ints10,Aph1b,Nek9,,,,,,,,,
Gpr34,Sdsl,Rasip1,Net1,,,,,,,,,
Lce1a2,Irf8,Hsd3b5,Dennd5a,,,,,,,,,
Ppp1r1b,Cyb5rl,Adgrg3,Rad21,,,,,,,,,
Spats1,Bmt2,Atp8b5,Dmd,,,,,,,,,
Muc5ac,Ttl,Tmppe,Bnip3l,,,,,,,,,
Gm19277,Rac2,Ttc41,Esrp2,,,,,,,,,
Cyp1a1,Cops7b,Nthl1,Prkacb,,,,,,,,,
Bbc3,Supt7l,Smad6,Psmc4,,,,,,,,,
Capns2,Terf2ip,Alx1,Cd2ap,,,,,,,,,
Foxd2,Psmg1,2610306M01Rik,Dennd4a,,,,,,,,,
Gfra4,Casp2,Acvrl1,Grina,,,,,,,,,
Gm5591|Gm1988,Cmtm8,Lrp12,Spin1,,,,,,,,,
Sh3d21,Fosl2,Lrrc4c,Sfxn1,,,,,,,,,
Ly6f,Pparg,Rap2b,Fgd6,,,,,,,,,
Kctd4,Rhbdd3,Dok2,Chordc1,,,,,,,,,
Tfap2c,Zfp189,Ccdc148,Slc35a3,,,,,,,,,
4930455H04Rik,Tpst1,Rrp1b,Rab9,,,,,,,,,
Folr1,Capn15,Comtd1,Strbp,,,,,,,,,
Sptlc3,Gbp9,Pole,Hmgn1,,,,,,,,,
Fam163b,Zfp358,Gpr39,Rtraf,,,,,,,,,
Nts,Mettl8,Rab27b,C1d,,,,,,,,,
Wnt10a,Acot9,Tagap,Lin7c,,,,,,,,,
Cldn18,Pigh,Zfp316,Eif3d,,,,,,,,,
Ttll6,Slc26a2,D030056L22Rik,Adam10,,,,,,,,,
Lrrc34,Lrrc61,Nhlrc1,F11r,,,,,,,,,
Atp1b2,Ticam1,ENSMUSG00000087178,Tmem33,,,,,,,,,
Trim29,Nox4,Mdm1,Ppp1cc|Ppp1ccb,,,,,,,,,
Sp3os,Rab31,Rnf122,Fkbp2|Gm51400,,,,,,,,,
Il10,Pla2g15,Ube2e2,Gfm2,,,,,,,,,
Dact1,Lnx2,Fgf7,Carhsp1,,,,,,,,,
Adamts20,2210016L21Rik,Zmym1,Sigmar1,,,,,,,,,
Tmem138,Unc5b,ENSMUSG00000097729,Mef2a,,,,,,,,,
Pcsk1,Rnaseh2a,Ano1,Paip2,,,,,,,,,
Zfp951,Vasp,Ccn4,Bltp3b,,,,,,,,,
Tnfsf11,Tmem68,Selenom,Upf1,,,,,,,,,
Lce1c,Brca2,Bmal1,Ncaph2,,,,,,,,,
Itk,Nif3l1,Fscn1,Marchf5,,,,,,,,,
Tas2r135,Mknk1,Nim1k,Arhgap42,,,,,,,,,
Nfatc2,Fadd,Idua,Rcl1,,,,,,,,,
Papolb,Nelfa,Lonrf1,Abcg5,,,,,,,,,
Pxt1,Trmt10b,Naalad2,Rab5a,,,,,,,,,
Ssc4d,Spsb2,Zfp438,N4bp2l1,,,,,,,,,
Pde6c,Tmprss2,Itgbl1,Dpy19l1,,,,,,,,,
Scrn1,Cep57,Adcyap1r1,Pa2g4,,,,,,,,,
Tspan6,Pcnx4,Map1s,Gspt1,,,,,,,,,
Irak1bp1,Gbp2b,Isg20,Clcn3,,,,,,,,,
Chst14,Prrg2,Naip5,Zfp36l1,,,,,,,,,
Chad,Epb41l1,Ngfr,Man2b1,,,,,,,,,
1700003M07Rik,Fam98b,Yju2,Mkln1,,,,,,,,,
Kplce,H2-T24,Klhl36,Preb,,,,,,,,,
Pitx3,Rbm12,Atp2a3,Hnrnpc,,,,,,,,,
Btk,Exosc5,ENSMUSG00000053541,Dnajc15,,,,,,,,,
B3gnt3,Dhx34,Slf1,Adh4,,,,,,,,,
Eif2s3y,Patz1,P2ry13,Pdxdc1,,,,,,,,,
Trp53i13,Crtc3,Cd226,Ankrd40,,,,,,,,,
Klra5,D630045J12Rik,Tmem14a,Psd3,,,,,,,,,
Ifi211,Itga3,Wnt5a,Slc2a9,,,,,,,,,
Impg1,Arhgap24,Smpd2,Zfp652,,,,,,,,,
Stmn2,Ncoa5,Bloc1s3,B4galt1,,,,,,,,,
Ptn,Thop1,Tmem218,Vapa,,,,,,,,,
Fam3b,Ptgfrn,Fgr,Adgrl2,,,,,,,,,
Cxcl5,Stk10,Sox13,Atp6v0d1,,,,,,,,,
Kcnip2,Cblc,Sertad3,Angptl8,,,,,,,,,
ENSMUSG00000085829,Tmem192,Traf3ip2,B4galnt1,,,,,,,,,
E130317F20Rik,Tm2d3,Cenpq,Spata13,,,,,,,,,
Xlr,Asb3,Rom1,Atrnl1,,,,,,,,,
Gm13003,Zfp97,Zfp619,Hbs1l,,,,,,,,,
D630003M21Rik,Larp7,Kbtbd3,Pex7,,,,,,,,,
1810053B23Rik,Nop9,Cd274,Ddost,,,,,,,,,
Cd46,Atg14,Kmt5c,Tmem258,,,,,,,,,
Gli3,Cep19,Mbd5,Tasor,,,,,,,,,
Ctsg,Klhl42,Uqcc6,Magi3,,,,,,,,,
Chia1,Ppp4r4,Zbtb9,Zfand5,,,,,,,,,
Vmn1r86,Neurl3,Atp23,Wipi2,,,,,,,,,
Gdpd1,Jpx,Pms2,Vdac2,,,,,,,,,
Sirpd,Trub1,Fhit,Plxnc1,,,,,,,,,
Cyp1b1,Bcl10,Hivep3,Gng12,,,,,,,,,
Lce6a,Paxbp1,Znrd2,Rnf169,,,,,,,,,
Unc5c,Adra2b,Cdkn1a,Zc3hav1,,,,,,,,,
Carns1,Zbtb37,Ncam1,Slc16a1,,,,,,,,,
Ntng2,Rabif,Sgtb,Gnb2,,,,,,,,,
Cntnap4,Vasn,Vav1,Mon2,,,,,,,,,
Galnt16,9130023H24Rik,Ess2,Stbd1,,,,,,,,,
Spdya,Bbs9,Adam11,Smpdl3a,,,,,,,,,
Crygs,Zfp64,Lrrn4cl,Arpc5,,,,,,,,,
Pcdhga6,Zfp326,Snhg18,Gm2a,,,,,,,,,
Wt1os,Sgsm3,Wdr90,Plekha6,,,,,,,,,
Foxh1,Nagpa,H2ac20,Kank2,,,,,,,,,
Hexim2,Haus3,Casp12,Dennd4c,,,,,,,,,
Cfap44,Nr2c1,Rinl,Grpel2,,,,,,,,,
Hcrtr2,Ftx,Ddx55,Aqp1,,,,,,,,,
Marco,Sppl2b,Zfp455,Tcea1,,,,,,,,,
Gm4961,Zfp458,Zfp446,Gorasp2,,,,,,,,,
Rpp25,Zfp868,Chst2,Fkbp9,,,,,,,,,
Tamalin,Hpcal1,Foxf1,Ergic3,,,,,,,,,
Trim34b,Helb,Supt3,Zwint,,,,,,,,,
Ugt1a2,Plgrkt,Tmem198b,Morf4l2,,,,,,,,,
Tbc1d9,Rbm12b2,Thbs1,Lgmn,,,,,,,,,
Vmn2r114,Rnf38,Pdcd2,Gigyf2,,,,,,,,,
ENSMUSG00000090120,Cd84,Gpr153,Cnpy2,,,,,,,,,
Mpig6b,Cyb561d2,Ubox5,N4bp2,,,,,,,,,
Nrxn2,Zmym6,Cep112,Dmxl1,,,,,,,,,
Pdzk1ip1,Zbtb10,Ckb,Ndufa2,,,,,,,,,
Gm13498,Fbxl14,Phf11d,Bod1l,,,,,,,,,
Brinp1,Vti1a,Med27,Rc3h1,,,,,,,,,
Opcml,Ncmap,Cenpf,Plpbp,,,,,,,,,
ENSMUSG00000097412,Akt3,Syt11,Mtmr3,,,,,,,,,
Syce1,C87436,Fcgr4,Chd3,,,,,,,,,
Nkain3,Akna,Atg16l2,Lcp1,,,,,,,,,
Tprg1,Zfp553,Dusp14,Prrc2b,,,,,,,,,
Bex3,Fn3k,Jak3,Rab5b,,,,,,,,,
Epha10,Tor3a,B3gnt2,Lrg1,,,,,,,,,
Epcam,Nuak2,Cd14,Ccser2,,,,,,,,,
Slamf9,Dact2,Snrpf,Ep300,,,,,,,,,
Slc24a3,Mmd2,2900076A07Rik,Uso1,,,,,,,,,
Rnf113a1,H2-T10,Arhgap15,Rbm25,,,,,,,,,
Gpr19,Dph1,Cdyl2,Atp5mc2,,,,,,,,,
Kcnmb4,Nr6a1,Mapk8ip1,Grsf1,,,,,,,,,
Tmem203,Naa16,Fance,Sash1,,,,,,,,,
Oprd1,Ints2,4933439C10Rik,Atp9a,,,,,,,,,
Mgl2,Ermardl2,Cachd1,Rbbp7,,,,,,,,,
Or2t47,Slc39a3,Jrkl,Paox,,,,,,,,,
Chrdl2,Pxylp1,Ntn3,Prkcsh,,,,,,,,,
Tbata,Cxcl16,Bicra,Klhdc7a,,,,,,,,,
Prc1,Ints14,Map2,Bag6,,,,,,,,,
Sfrp4,Snx8,Slc22a3,Slc22a18,,,,,,,,,
Ica1l,Txnl4b,Gfpt2,Usp15,,,,,,,,,
Gcg,Foxj2,Adissp,Cisd1,,,,,,,,,
Pcp4,Mbd6,Ccdc191,Gda,,,,,,,,,
Potefam3e,Rab3d,Chaf1a,Jade1,,,,,,,,,
Cadm4,Rdh5,Ung,Parp9,,,,,,,,,
Tafa2,Saa3,AA465934,Pum2,,,,,,,,,
Vmn2r65,Ccdc28a,Stk19,Pkn2,,,,,,,,,
Ncam2,Ppil1,Tctn1,Slc44a1,,,,,,,,,
Adcy1,Slc39a11,Golt1b,Ensa,,,,,,,,,
Cd33,Alg1,Tcirg1,Urod,,,,,,,,,
Cxcr1,Nbea,Capg,Grb7,,,,,,,,,
Nalf1,Pomt1,Dstyk,Atp6v1f,,,,,,,,,
Col22a1,Atp7a,1810021B22Rik,Gstm6,,,,,,,,,
Plxnb3,Usp54,Ebf2,Abce1,,,,,,,,,
Tmem132c,Cul9,ENSMUSG00000085622,Vti1b,,,,,,,,,
Serpinb2,Susd1,Taf9b,Peak1,,,,,,,,,
Kcne4,Zswim9,Plcd1,Fam168b,,,,,,,,,
Fstl3,Tmem9,Scarf2,Slc25a16,,,,,,,,,
4933440M02Rik,Kin,Sinhcaf,Abcb7,,,,,,,,,
Casp14,Scmh1,Gm14308,Tmem127,,,,,,,,,
Nr5a1,Polk,Rnaseh1,Rmdn2,,,,,,,,,
5430402O13Rik,Btnl9,Galnt18,Id2,,,,,,,,,
Prss34,Gcnt4,Exo5,Mrps17,,,,,,,,,
Krt1,Adra1a,Fibin,Rbbp4,,,,,,,,,
Foxg1,Rbpms,Tmem229b,Gcat,,,,,,,,,
Zfp618,Zfp119a,Cep78,,,,,,,,,,
Elane,Prkd2,Ttf2,,,,,,,,,,
Prkg2,Rras,Ccl25,,,,,,,,,,
Armh1,Atpsckmt,Chrd,,,,,,,,,,
Cnga3,Nudt6,Coil,,,,,,,,,,
Glt8d2,Tle3,Rgmb,,,,,,,,,,
Ubtd2,Zbtb48,Mthfd1l,,,,,,,,,,
Klk12,Rnmt,Fancf,,,,,,,,,,
Fam228b,Pald1,Zfp282,,,,,,,,,,
A430088P11Rik,Dcp1a,1110020A21Rik,,,,,,,,,,
Rdh1,Cep250,Dynlt1a,,,,,,,,,,
Catsperd,Map3k14,Eci3,,,,,,,,,,
A930001C03Rik,Pip4k2a,Pycr2,,,,,,,,,,
Cdh9,Dnaaf5,Ackr2,,,,,,,,,,
Frey1,Cyb561a3,Lyrm1,,,,,,,,,,
Pcdhgb4,Tpd52,Zfp420,,,,,,,,,,
Cd300ld,Fam53c,Pilra,,,,,,,,,,
Celsr2,Zmat1,Oasl1,,,,,,,,,,
Tmem130,Nol9,Sema3b,,,,,,,,,,
Lgals12,Gipc1,Cpne8,,,,,,,,,,
Gm9926,Trp53,Tspan15,,,,,,,,,,
Pfkfb4,Snapc3,Adal,,,,,,,,,,
Oosp1,Hps3,Ier5,,,,,,,,,,
Trim69,Taf1b,Cidea,,,,,,,,,,
Slitrk4,Trmt6,Alg8,,,,,,,,,,
BC055402,Zfp605,Mgat4a,,,,,,,,,,
Prss12,Stx6,AA986860,,,,,,,,,,
Optc,Fancm,Gnat1,,,,,,,,,,
Nobox,Klhl11,Slc16a9,,,,,,,,,,
Tmem236,Dnajc12,Tmem51,,,,,,,,,,
Zbed5-ps,Ccdc59,Ly86,,,,,,,,,,
Gdf15,C9orf72,Borcs5,,,,,,,,,,
Pnck,A130010J15Rik,1700030K09Rik,,,,,,,,,,
Inpp5j,Slc38a6,Spata6,,,,,,,,,,
1700097N02Rik,Noa1,Spata1,,,,,,,,,,
Itgb8,Thap7,Anln,,,,,,,,,,
Cpne5,Zfp777,Hacd4,,,,,,,,,,
Upp1,Trib3,4930503L19Rik,,,,,,,,,,
Tesc,Pmf1,Erich1,,,,,,,,,,
4933407K13Rik,Smyd5,Msantd3,,,,,,,,,,
Zfp365,Dcakd,Dock11,,,,,,,,,,
Ccdc142,Vps8,Plcg2,,,,,,,,,,
1700021N21Rik,Fam76a,Cd79b,,,,,,,,,,
Usp27x,Armc5,Cpa2,,,,,,,,,,
Madcam1,Gdf10,Glycam1,,,,,,,,,,
B130034C11Rik,Ppm1m,Kcnj11,,,,,,,,,,
Kif18a,Mpp4,Elapor1,,,,,,,,,,
Ggn,Mettl27,Orc6,,,,,,,,,,
Or10h5,Prkrip1,Hvcn1,,,,,,,,,,
Kcnv1,Spidr,Nek3,,,,,,,,,,
Nptxr,Yeats4,Chst13,,,,,,,,,,
Aldh18a1,Vsig10,Klhl8,,,,,,,,,,
H3c4,Thumpd1,Ifi44l,,,,,,,,,,
Kif6,Rsph3b,Il22ra1,,,,,,,,,,
Slco1c1,Amdhd2,Hdgfl3,,,,,,,,,,
Syp,Pcgf6,Slc4a8,,,,,,,,,,
Grid2ip,Mtrr,Polr1e,,,,,,,,,,
Tnfaip8l2,Nqo1,Wdr5b,,,,,,,,,,
Atp10b,Cxcl9,Ska2,,,,,,,,,,
Mtmr11,Ap4m1,Ifi207,,,,,,,,,,
Chgb,Fam219b,Cyp4f16,,,,,,,,,,
E030044B06Rik,Gm2026,Gpatch2l,,,,,,,,,,
Togaram2,Tmem62,Pde6d,,,,,,,,,,
Adam12,Tspyl2,Cyp2r1,,,,,,,,,,
E130008D07Rik,Ms4a4d,Sfxn4,,,,,,,,,,
Hhat,Ddx51,Zfp354c,,,,,,,,,,
Mpp3,Hira,Ubash3b,,,,,,,,,,
Mmgt2,Zdhhc4,Xrcc2,,,,,,,,,,
Reg4,Tmem160,Mecom,,,,,,,,,,
B9d1,Aaas,Spire1,,,,,,,,,,
Trpv3,Plekhg6,Dynlt2b,,,,,,,,,,
Kif27,Cygb,Cyp26b1,,,,,,,,,,
Prg2,Poll,Prrg1,,,,,,,,,,
Aldh3a1,Rcn2,Drp2,,,,,,,,,,
Pdzd9,Ercc2,Polr2d,,,,,,,,,,
Myo3a,Ncapd3,Zfp9,,,,,,,,,,
Zfp37,Bbln,Trem6l,,,,,,,,,,
Pnma3,Gabpb1,Cd48,,,,,,,,,,
Comp,Clasrp,9330159M07Rik,,,,,,,,,,
ENSMUSG00000111497,Adprh,Ccdc93,,,,,,,,,,
Krt14,Ppt2,Pdlim2,,,,,,,,,,
Dmrta1,Siva1,Gpn2,,,,,,,,,,
Tuba3a,Traf3,Sytl4,,,,,,,,,,
Nherf4,Trim65,Ddx59,,,,,,,,,,
Tigit,Marcksl1,4933411K16Rik,,,,,,,,,,
Il18r1,Ing3,Get4,,,,,,,,,,
Tmem132a,Snx30,Sp140,,,,,,,,,,
Cstdc5,Ggt6,Tepsin,,,,,,,,,,
Akr1c21,Serpinb1a,Calml4,,,,,,,,,,
1810044D09Rik,Spred2,Dus4l,,,,,,,,,,
Obi1,Sh3bgrl3,Zfp128,,,,,,,,,,
Cyp26c1,Rarg,Pwwp2b,,,,,,,,,,
Fhad1,Tmem80,Ngf,,,,,,,,,,
Igf2bp3,Pde1a,Tnip2,,,,,,,,,,
Slc5a8,Plekho2,Zfp667,,,,,,,,,,
Gsg1,Kctd3,Nsun6,,,,,,,,,,
Arl9,Camk2d,Brf2,,,,,,,,,,
H2-T25,Saal1,Cdh4,,,,,,,,,,
Aard,Cpm,Wdr24,,,,,,,,,,
Erich4,Brpf1,Prx,,,,,,,,,,
0610009L18Rik,Commd5,Zfp3,,,,,,,,,,
Fzd10os,Sipa1,Pusl1,,,,,,,,,,
Mucl1,Car1,Rrad,,,,,,,,,,
Sdk2,Phf23,Gon7,,,,,,,,,,
Nrip2,Rae1,ENSMUSG00000087269,,,,,,,,,,
Ehf,Tcp11l1,Lin9,,,,,,,,,,
Clca4b,Mphosph8,Arpp21,,,,,,,,,,
Selp,Rcn3,P2ry12,,,,,,,,,,
ENSMUSG00000055676,Pld1,Plk3,,,,,,,,,,
4930528D03Rik,H2aj,Tmem119,,,,,,,,,,
Hmgcll1,Tcf7l2,Tigd4,,,,,,,,,,
Gpr83,Vps33b,Meg3,,,,,,,,,,
Cxcl14,Sco1,Chfr,,,,,,,,,,
Samd7,Nudt22,Spon1,,,,,,,,,,
ENSMUSG00000087221,Coq8b,Naif1,,,,,,,,,,
Adamts18,Traf2,Slx4ip,,,,,,,,,,
Slc2a3,Lrp3,Neu3,,,,,,,,,,
Bora,Mrpl34,Eva1b,,,,,,,,,,
Sowahd,Polr3e,Abcc10,,,,,,,,,,
Ccrl2,1810030O07Rik,Ccl24,,,,,,,,,,
Loxl4,Rgs2,Lilrb4b,,,,,,,,,,
Nphs1,Tmem184a,Cracr2b,,,,,,,,,,
Wnt6,Tmtc4,Rita1,,,,,,,,,,
ENSMUSG00000054031,Psmg3,Zc3h3,,,,,,,,,,
Megf6,Elmod3,Atp1b4,,,,,,,,,,
Kcna5,Nsun3,Gm19619,,,,,,,,,,
Gm15056,Ints9,Trp53rkb,,,,,,,,,,
Cyp11b1,Hsdl1,Efemp2,,,,,,,,,,
Atxn7l2,Txnrd3,Gnai1,,,,,,,,,,
B3gat1,Wdr83,Syt3,,,,,,,,,,
Sprn,Elac1,Notch3,,,,,,,,,,
Gal,Ssh3,Mettl25,,,,,,,,,,
Zim1,Frk,Evl,,,,,,,,,,
Gjb4,Rrp8,Treml4,,,,,,,,,,
Opn1sw,Rrm1,Ints6l,,,,,,,,,,
Cdh26,Wdr53,Gimap3,,,,,,,,,,
Dmc1,Rab40c,Kcnj10,,,,,,,,,,
Plut,Zfp935,Srgap1,,,,,,,,,,
Pkdrej,Ltbp1,Tmc6,,,,,,,,,,
Chst9,Etv5,Vtcn1,,,,,,,,,,
Vmn2r52,Ifi204,Gm11837,,,,,,,,,,
Themis3,Usp20,Vwa7,,,,,,,,,,
Mcm6,Selenon,Fer,,,,,,,,,,
Kcnip4,Rbm19,Tnfsf12,,,,,,,,,,
Ccdc152,Sh2b3,Magohb,,,,,,,,,,
Cfap91,Slc11a2,Cysltr1,,,,,,,,,,
Sytl1,Scamp4,Rbm22,,,,,,,,,,
Tubb2b,Glcci1,Mphosph6,,,,,,,,,,
Klrg1,Tbc1d10b,Cabcoco1,,,,,,,,,,
Relb,Nfam1,Emp3,,,,,,,,,,
Pcdh10,Akip1,Osbpl6,,,,,,,,,,
Gm2897,Dis3,Ciita,,,,,,,,,,
Zfp454,Ociad2,Adgrg1,,,,,,,,,,
Mal,Igf1r,Hsbp1l1,,,,,,,,,,
B3galt6,Clec7a,Gstm3,,,,,,,,,,
Gja10,Zfp27,Kctd11,,,,,,,,,,
Sftpc,Med10,Casz1,,,,,,,,,,
Tspan5,Tnfrsf19,H2-Q1,,,,,,,,,,
Fbxl8,Zfp930,Map9,,,,,,,,,,
Mirg,Snapc2,Tnfaip3,,,,,,,,,,
Or5b95,Ppme1,2610028H24Rik,,,,,,,,,,
Or4k35,Abtb2,Mical1,,,,,,,,,,
Atl1,Pgm5,Parp11,,,,,,,,,,
Mall,Hus1,Unc13d,,,,,,,,,,
Or5v1b,Gabra3,Pnliprp2,,,,,,,,,,
Gucy2d,Fbxo25,Dnmt3b,,,,,,,,,,
Sprr2k,Apex2,Mtmr7,,,,,,,,,,
Tex11,Stk11ip,ENSMUSG00000072999,,,,,,,,,,
Gemin8,Mcm3,Nme4,,,,,,,,,,
Unc13c,Ccnh,Btbd10,,,,,,,,,,
Pcdhb9,Tmem35b,Pop1,,,,,,,,,,
Snord87,Ppp1r21,Spata6l,,,,,,,,,,
AU015836,Cplane1,Kctd18,,,,,,,,,,
G6pc2,Med9,Afap1l2,,,,,,,,,,
Zic4,Sh3rf1,Neil1,,,,,,,,,,
M1ap,2510002D24Rik,Zfp54,,,,,,,,,,
Rspo2,Igsf10,Mir223hg,,,,,,,,,,
St6galnac5,Gpn1,Bmper,,,,,,,,,,
Gfap,Ttc5,Aph1c,,,,,,,,,,
Ctxn3,Zdhhc12,Zfp456,,,,,,,,,,
Fchsd1,Bcap29,Zdhhc14,,,,,,,,,,
Adam1b,Zcchc8,Slpi,,,,,,,,,,
Adora2a,Wdfy4,Ercc3,,,,,,,,,,
Slc1a5,Zbed4,Vav3,,,,,,,,,,
9130024F11Rik|Gm38484,Zscan21,Sgce,,,,,,,,,,
Grin2a,Lgals4,5430416N02Rik,,,,,,,,,,
Ccdc180,Camkk2,Fam107a,,,,,,,,,,
Pou2f3,ENSMUSG00000079179,Mtbp,,,,,,,,,,
Fam110c,Asb1,Csf2rb2,,,,,,,,,,
Them6,Spsb3,Gm16551,,,,,,,,,,
Bend6,Proser1,Cldn15,,,,,,,,,,
Plod2,Map2k5,Top2a,,,,,,,,,,
Oas1c,Nprl2,Rcan3,,,,,,,,,,
Pcolce2,Snx11,Zfp472,,,,,,,,,,
Nkain4,Slc2a1,Thap3,,,,,,,,,,
Arl10,Serpinb9,4833422C13Rik,,,,,,,,,,
Slc24a1,Endov,Tmem125,,,,,,,,,,
Vmn2r53,Det1,Zc2hc1a,,,,,,,,,,
Snord35b,Mtrfr,Zfp764,,,,,,,,,,
Lce3f,Laptm5,Nup37,,,,,,,,,,
Icos,Trpm2,Myod1,,,,,,,,,,
Akp3,Meak7,Stox2,,,,,,,,,,
Pabpc4l,Tead3,Plscr3,,,,,,,,,,
Aadacl2,1110065P20Rik,Lig1,,,,,,,,,,
Cdh11,Cbx6,Lonrf3,,,,,,,,,,
Fendrr,Frg1,Ift27,,,,,,,,,,
Slc25a53,Naip2,Arl6,,,,,,,,,,
Ccl12,Akap10,Pim1,,,,,,,,,,
Rtl6,Tut1,Xxylt1,,,,,,,,,,
Zfp947,Slc10a3,6330418K02Rik,,,,,,,,,,
1700054M17Rik,Slc25a40,C1qtnf7,,,,,,,,,,
Krt6a,Ifi44,Ctu1,,,,,,,,,,
Myo3b,Rlig1,Nat8f4,,,,,,,,,,
E230016M11Rik,Ifit3,Zfp354b,,,,,,,,,,
Ddias,2310022B05Rik,Wnt11,,,,,,,,,,
Egfl6,Lsm10,Fcer1g,,,,,,,,,,
Myog,Fermt3,Fkbp7,,,,,,,,,,
Il7r,Plekho1,Snord15a,,,,,,,,,,
Mc5r,Tada3,Fen1,,,,,,,,,,
Catsper2,Wee1,Clec3b,,,,,,,,,,
Gfi1b,Fes,Prss8,,,,,,,,,,
4930562C15Rik,Cdk5,Micu3,,,,,,,,,,
Stpg1,Ofd1,Pced1b,,,,,,,,,,
ENSMUSG00000050577,Itgb3,Zfp109,,,,,,,,,,
Zfp772,Rfx5,Tprn,,,,,,,,,,
Car4,Mycl,E330011O21Rik,,,,,,,,,,
Rph3al,Oasl2,Spta1,,,,,,,,,,
ENSMUSG00000089662,Mrpl19,Kctd21,,,,,,,,,,
Serpinb3b,Dbr1,Ntmt1,,,,,,,,,,
Ppfia4,Dexi,Id1,,,,,,,,,,
Fbxw17,Nlrx1,Crispld2,,,,,,,,,,
Kazn,Rfng,Fbxl19,,,,,,,,,,
Fgf6,Lyrm4,Nfkbil1,,,,,,,,,,
Pabpc5,Mx2,Zfp937,,,,,,,,,,
Tulp1,Zbtb24,Ptk6,,,,,,,,,,
A930007I19Rik,Pigm,Glt28d2,,,,,,,,,,
Nlrp4f,Alg12,Sowahb,,,,,,,,,,
Unc79,Cdh1,Gabbr1,,,,,,,,,,
Tchhl1,Casc3,ENSMUSG00000091050,,,,,,,,,,
Magee1,Hk1,Tfec,,,,,,,,,,
Akap3,Tanc2,Parvb,,,,,,,,,,
Il17rd,2610528J11Rik,Hic2,,,,,,,,,,
AW551984,Cdyl,Ano8,,,,,,,,,,
1810006J02Rik,Commd7,ENSMUSG00000082292,,,,,,,,,,
Gm9899,Mcm4,Cdca7,,,,,,,,,,
Zfp808,Mpp7,Fabp7,,,,,,,,,,
Cntnap2,Gbp6,Afap1,,,,,,,,,,
Cited4,2410004B18Rik,Myzap,,,,,,,,,,
Cyp21a1,Pvr,Zfp30,,,,,,,,,,
Ccser1,Kctd12b,Nat1,,,,,,,,,,
Arrdc1,Mars2,Src,,,,,,,,,,
Hoxc4,9130401M01Rik,Disp1,,,,,,,,,,
Cd109,Ankzf1,Fgd2,,,,,,,,,,
ENSMUSG00000086657,Nynrin,Ptpn18,,,,,,,,,,
H1f6,Mr1,2810403D21Rik,,,,,,,,,,
Cpne9,Eef1akmt1,Vegfc,,,,,,,,,,
H2bc8,Gtf2h2,Mast3,,,,,,,,,,
Pou2f2,Tpgs2,Zfp112,,,,,,,,,,
Krt79,Sema3f,Taf5,,,,,,,,,,
Mex3d,Alg6,Fbxl15,,,,,,,,,,
Tex19.2,Necap2,Gca,,,,,,,,,,
ENSMUSG00000097828,Ctnnal1,Pf4,,,,,,,,,,
Serpinb1b,9430015G10Rik,Fgf13,,,,,,,,,,
Scd4,Pth1r,Zfta,,,,,,,,,,
Il36a,Nup85,Elmo1,,,,,,,,,,
Nxf2,Trmt5,Ccdc163,,,,,,,,,,
Shd,Alkbh6,Hspa12b,,,,,,,,,,
Snord88c,Slc10a7,Panx1,,,,,,,,,,
Atp12a,Fyb1,Kics2,,,,,,,,,,
Serpinb11,Pwp2,Hilpda,,,,,,,,,,
Smok3b,Nfkb2,Zfp334,,,,,,,,,,
Pde1c,Utp14b,Tnfsf13,,,,,,,,,,
Vmn1r6,Plcb4,Tshz3,,,,,,,,,,
Fgf9,Rab23,Enox2,,,,,,,,,,
Il1rl1,E2f5,Chmp4c,,,,,,,,,,
Tdrd6,Smg9,Rad9a,,,,,,,,,,
Il12a,Fmn1,Exoc3l,,,,,,,,,,
Fjx1,2700097O09Rik,Klf4,,,,,,,,,,
Ly6m,Enc1,Engase,,,,,,,,,,
Mmp23,Ntn4,Cd59b,,,,,,,,,,
Il20ra,ENSMUSG00000097324,Vrk1,,,,,,,,,,
4930550C14Rik,Ccdc22,Abhd14a,,,,,,,,,,
Tas2r108,Ino80e,Trpc3,,,,,,,,,,
Ccdc8,Ybey,Peg3,,,,,,,,,,
Trex2,Lzic,Rcc1,,,,,,,,,,
Igsf1,Il16,Clec4a3,,,,,,,,,,
1700049E15Rik,Utp15,Pcgf1,,,,,,,,,,
Fosb,Meis2,Adig,,,,,,,,,,
Lrfn4,Syk,Zfp771,,,,,,,,,,
Id4,Smpd4,Elp6,,,,,,,,,,
Trim9,Gab2,Mindy4,,,,,,,,,,
2900079G21Rik,Spry1,Rpgrip1l,,,,,,,,,,
Ankrd61,Adamts9,Ly9,,,,,,,,,,
Lingo3,Flvcr2,Tyw3,,,,,,,,,,
Tcaf2,Leprotl1,Bok,,,,,,,,,,
Aqp12,Fkbp11,Tcf7,,,,,,,,,,
Ltb,Tmem86a,D830013O20Rik,,,,,,,,,,
Gm4787,Zfp512,ENSMUSG00000041449,,,,,,,,,,
Pacc1,Dnph1,Zfp41,,,,,,,,,,
Gjd4,Nmral1,Kbtbd8,,,,,,,,,,
Lrrc69,Actmap,Slc26a11,,,,,,,,,,
L3mbtl1,Kctd2,Pcdh7,,,,,,,,,,
Lypd8l,Zcchc9,Abitram,,,,,,,,,,
Mettl21c,Dcun1d3,Rfc2,,,,,,,,,,
Dapp1,Lin52,Ss18l1,,,,,,,,,,
Lrriq1,Ddx39a,Sult2a6,,,,,,,,,,
Ifng,Lemd3,Gm20604,,,,,,,,,,
Mafa,6430548M08Rik,Sp2,,,,,,,,,,
Gm16675,Gtf2h3,Rufy2,,,,,,,,,,
Tonsl,Cep164,,,,,,,,,,,
Eif1ad3,Irf2bpl,,,,,,,,,,,
Clip3,C1rb,,,,,,,,,,,
E130018N17Rik,Tubb6,,,,,,,,,,,
Cd209d,Zfp280b,,,,,,,,,,,
Dpp10,Hcfc2,,,,,,,,,,,
Xlr3b,Cep95,,,,,,,,,,,
Stmn4,Morc4,,,,,,,,,,,
Celf3,Tango6,,,,,,,,,,,
Bcl11a,Bcorl1,,,,,,,,,,,
Shisa6,Dnaaf10,,,,,,,,,,,
Krt222,Gba2,,,,,,,,,,,
Foxm1,Thbd,,,,,,,,,,,
Gsdmc3,S1pr5,,,,,,,,,,,
Pcdhga8,Mettl6,,,,,,,,,,,
Vmn1r78,Swap70,,,,,,,,,,,
Car9,Afg2a,,,,,,,,,,,
Pttg1,Prickle2,,,,,,,,,,,
Rbm46os,Rrp15,,,,,,,,,,,
Hap1,Fbxw4,,,,,,,,,,,
ENSMUSG00000064858,Rnf126,,,,,,,,,,,
Ribc1,Bend3,,,,,,,,,,,
Serpina3f,Malt1,,,,,,,,,,,
ENSMUSG00000097493,Ccdc88a,,,,,,,,,,,
Slc7a5,Cnn2,,,,,,,,,,,
Klk4,Cluap1,,,,,,,,,,,
Odad3,Thada,,,,,,,,,,,
Cldn19,Zfp790,,,,,,,,,,,
Nsg2,Rbm4b,,,,,,,,,,,
0610043K17Rik,1300002E11Rik,,,,,,,,,,,
Lhx1,Hs1bp3,,,,,,,,,,,
Trank1,Irgq,,,,,,,,,,,
Spata31g1,Rpap2,,,,,,,,,,,
Zfp819,H4c1,,,,,,,,,,,
Tex9,Tab1,,,,,,,,,,,
Duoxa2,Rassf5,,,,,,,,,,,
Mx1,Fzd1,,,,,,,,,,,
Plxdc1,Polr3h,,,,,,,,,,,
Klk5,Myh11,,,,,,,,,,,
Cgref1,Vhl,,,,,,,,,,,
Scn2a,Cc2d2a,,,,,,,,,,,
Sftpb,Grtp1,,,,,,,,,,,
4930404I05Rik,Snapc4,,,,,,,,,,,
Ankrd1,Zfp563,,,,,,,,,,,
Nrg2,Cotl1,,,,,,,,,,,
Mfsd13a,Mapre3,,,,,,,,,,,
Cip2a,Ino80b,,,,,,,,,,,
Ino80dos,Riok1,,,,,,,,,,,
Ybx2,Clk2,,,,,,,,,,,
Tspan10,Zfp229,,,,,,,,,,,
Lrrc17,Cers4,,,,,,,,,,,
Pax6,Stat5a,,,,,,,,,,,
9030404E10Rik,Ints12,,,,,,,,,,,
Slurp2,Hmgxb4,,,,,,,,,,,
Dmrt2,Pdcd7,,,,,,,,,,,
Tex15,Papolg,,,,,,,,,,,
Rhov,Cntln,,,,,,,,,,,
Ccdc184,Lix1l,,,,,,,,,,,
Fam167a,Gtf3a,,,,,,,,,,,
Cd83,Robo2,,,,,,,,,,,
Nwd1,Ovca2,,,,,,,,,,,
Sstr3,Jmjd4,,,,,,,,,,,
Cplx1,Ankrd16,,,,,,,,,,,
Ust,Pigyl,,,,,,,,,,,
Hectd2,Mlh1,,,,,,,,,,,
Nkd2,Angel1,,,,,,,,,,,
Rpusd1,Tnk2,,,,,,,,,,,
Ostn,Hcls1,,,,,,,,,,,
Gm9958,Ccdc68,,,,,,,,,,,
Phyhipl|D630013N20Rik,Mospd3,,,,,,,,,,,
Letm2,Macrod2,,,,,,,,,,,
Mmp11,Ier2,,,,,,,,,,,
Nrn1l,Dhx35,,,,,,,,,,,
Zfp459,Zfp84,,,,,,,,,,,
Zfp692,Pomk,,,,,,,,,,,
Pcdhac2,Ly75,,,,,,,,,,,
Boc,Sgsm2,,,,,,,,,,,
Fndc10,4921524J17Rik,,,,,,,,,,,
Gm11992,Mtrf1l,,,,,,,,,,,
4921539E11Rik,Ahdc1,,,,,,,,,,,
BC048679,Crlf3,,,,,,,,,,,
Dzank1,Reck,,,,,,,,,,,
Cfap97d2,Adck5,,,,,,,,,,,
Potefam3a,Rasa2,,,,,,,,,,,
Vmn1r168,Rab3il1,,,,,,,,,,,
1700113A16Rik,D3Ertd751e,,,,,,,,,,,
Tceal6,Ddx20,,,,,,,,,,,
Ascl3,Pgap6,,,,,,,,,,,
H3c6,Wrap53,,,,,,,,,,,
Amhr2,Peg13,,,,,,,,,,,
Gm19757,Ppp1r15a,,,,,,,,,,,
Tmprss3,Zkscan14,,,,,,,,,,,
Gata5,Lhfpl2,,,,,,,,,,,
Umodl1,Caap1,,,,,,,,,,,
Garin1a,Atf6b,,,,,,,,,,,
4933406I18Rik,Slc35e3,,,,,,,,,,,
Dzip1l,Nfkbib,,,,,,,,,,,
Lce1b,Zfp516,,,,,,,,,,,
Numbl,Rhoj,,,,,,,,,,,
Fam180a,Ankrd24,,,,,,,,,,,
ENSMUSG00000086212,Leprot,,,,,,,,,,,
Tlr1,Cryzl1,,,,,,,,,,,
Kif23,Scd2,,,,,,,,,,,
4833419F23Rik,Mtm1,,,,,,,,,,,
Rpl31-ps12,Col16a1,,,,,,,,,,,
Meox1,Rpf2,,,,,,,,,,,
Tmem39b,Ccdc28b,,,,,,,,,,,
Ap1m2,Plxna4,,,,,,,,,,,
1700109H08Rik,Dennd2d,,,,,,,,,,,
Slfn4,Plekhf1,,,,,,,,,,,
Oprl1,Apobec1,,,,,,,,,,,
Timd7-ps,Hps4,,,,,,,,,,,
Rlbp1,Fgf21,,,,,,,,,,,
Tes,H2bc6,,,,,,,,,,,
Gpc5,Maml2,,,,,,,,,,,
Cacna2d4,Krtcap2,,,,,,,,,,,
Tmod2,Ctdp1,,,,,,,,,,,
Dram1,Hhip,,,,,,,,,,,
Col4a3,Fiz1,,,,,,,,,,,
Hells,Rel,,,,,,,,,,,
Aipl1,Mitd1,,,,,,,,,,,
Gprasp2,Ears2,,,,,,,,,,,
4930447C04Rik,ENSMUSG00000074284,,,,,,,,,,,
Lypd6b,Nob1,,,,,,,,,,,
Hrct1,Asf1a,,,,,,,,,,,
Hepacam,Nsmce1,,,,,,,,,,,
ENSMUSG00000093587,Sirt5,,,,,,,,,,,
Gmds,Rbm34,,,,,,,,,,,
Slc51b,Rtkn,,,,,,,,,,,
Gm11413,R3hcc1,,,,,,,,,,,
Pak5,Lmbr1l,,,,,,,,,,,
Efna2,Hypk,,,,,,,,,,,
ENSMUSG00000064637,Coq4,,,,,,,,,,,
Lpxn,Cttnbp2nl,,,,,,,,,,,
Rnf151,Pus3,,,,,,,,,,,
Gm2061,Chrna2,,,,,,,,,,,
Ccdc121,Tbc1d1,,,,,,,,,,,
Hoxc6,Ipp,,,,,,,,,,,
Map3k12,Jade2,,,,,,,,,,,
1700096K18Rik,Rb1,,,,,,,,,,,
Lrrc24,Zup1,,,,,,,,,,,
Tmem95,Socs5,,,,,,,,,,,
ENSMUSG00000097174,Ccr5,,,,,,,,,,,
Lyzl4,She,,,,,,,,,,,
ENSMUSG00000079671,Rars2,,,,,,,,,,,
Abca12,Arf2,,,,,,,,,,,
Vmn2r13,Dda1,,,,,,,,,,,
ENSMUSG00000082396,Wdr91,,,,,,,,,,,
Btla,Stx16,,,,,,,,,,,
H2ac22,Cilk1,,,,,,,,,,,
Gm14322,Piga,,,,,,,,,,,
Hcn4,Cmc2,,,,,,,,,,,
Il20rb,Topbp1,,,,,,,,,,,
Xrra1,Tuft1,,,,,,,,,,,
Palb2,Ube2j2,,,,,,,,,,,
Zgrf1,Cited2,,,,,,,,,,,
Reg3b,Tab3,,,,,,,,,,,
Zbtb11os1,Arhgef10,,,,,,,,,,,
Pcdhb17,Rab8b,,,,,,,,,,,
Atp13a5,Ppp2r5b,,,,,,,,,,,
Cdh19,Rcor3,,,,,,,,,,,
Orai2,Cish,,,,,,,,,,,
Msh4,Snhg12,,,,,,,,,,,
Avil,Trim14,,,,,,,,,,,
Ripor3,Junb,,,,,,,,,,,
Otos,Cerk,,,,,,,,,,,
Myl10,Psd4,,,,,,,,,,,
Nmu,Ldlrad4,,,,,,,,,,,
Atp10a,Tmub1,,,,,,,,,,,
Gpr135,Kifap3,,,,,,,,,,,
Mamld1,Chd1l,,,,,,,,,,,
Ccl1,Grk3,,,,,,,,,,,
Lbx1,Fam124a,,,,,,,,,,,
Fam217b,Gsta2,,,,,,,,,,,
Vmn2r30,Naa40,,,,,,,,,,,
Rnft2,Zfp146,,,,,,,,,,,
Epor,Rtel1,,,,,,,,,,,
Kcng3,Adamts2,,,,,,,,,,,
Myt1l,Pld2,,,,,,,,,,,
Plet1,Abt1,,,,,,,,,,,
Fndc11,Zfp975,,,,,,,,,,,
Tas2r143,Trappc14,,,,,,,,,,,
Spatc1l,Zfp830,,,,,,,,,,,
Il17d,Zfp961,,,,,,,,,,,
Mfng,Plekhf2,,,,,,,,,,,
B4galnt2,2810013P06Rik,,,,,,,,,,,
Ghrl,Rassf6,,,,,,,,,,,
Armc12,Etaa1,,,,,,,,,,,
Adra2c,Exosc9,,,,,,,,,,,
Arid3a,Srrd,,,,,,,,,,,
H2al1k,Slc41a2,,,,,,,,,,,
Armc2,Zfp953,,,,,,,,,,,
Mapk15,Usp37,,,,,,,,,,,
P4ha3,Pde12,,,,,,,,,,,
ENSMUSG00000087574,Carmil1,,,,,,,,,,,
Nat14,Prdm9,,,,,,,,,,,
Pde1b,Psmg2,,,,,,,,,,,
Slc6a1,Gmeb1,,,,,,,,,,,
Mmp3,Atoh8,,,,,,,,,,,
Chrnd,Pygb,,,,,,,,,,,
Lrrc15,Fam133b,,,,,,,,,,,
Kcna4,Ophn1,,,,,,,,,,,
Zbtb8a,Rab11fip4,,,,,,,,,,,
Ttll13,Parp2,,,,,,,,,,,
ENSMUSG00000081824,Zfp758,,,,,,,,,,,
Gm19522,Foxp2,,,,,,,,,,,
Ttc22,Zfp523,,,,,,,,,,,
Rtl3,Wdr35,,,,,,,,,,,
Rho,Cox18,,,,,,,,,,,
Kcnab1,Zw10,,,,,,,,,,,
Cd2,Gtf2e2,,,,,,,,,,,
Prmt2,Sec22c,,,,,,,,,,,
Pnma5,Wiz,,,,,,,,,,,
Cemip,Hdac7,,,,,,,,,,,
Acoxl,Ap1g2,,,,,,,,,,,
Cacna2d2,Arhgap17,,,,,,,,,,,
Krt32,Tmem179b,,,,,,,,,,,
Crlf2,Plek,,,,,,,,,,,
H2-DMb2,Pgm2l1,,,,,,,,,,,
Art4,Ccnk,,,,,,,,,,,
Samd13,Tgif1,,,,,,,,,,,
Gm19689,Alg3,,,,,,,,,,,
Ttll9,Fbxo28,,,,,,,,,,,
Bcl2l14,Tgtp1,,,,,,,,,,,
ENSMUSG00000097715,Fam118b,,,,,,,,,,,
D130040H23Rik,Zfp959,,,,,,,,,,,
Cabp7,Nsmce3,,,,,,,,,,,
Or1j10,Stk39,,,,,,,,,,,
Tdh,Rfx3,,,,,,,,,,,
Mgat4c,Ccbe1,,,,,,,,,,,
AI429214,Ccdc137,,,,,,,,,,,
F2rl3,Tmie,,,,,,,,,,,
Kdm5d,Arhgef15,,,,,,,,,,,
ENSMUSG00000086173,Med23,,,,,,,,,,,
Krt5,Grap,,,,,,,,,,,
Fbxl21,Ercc4,,,,,,,,,,,
Tssk4,Cnmd,,,,,,,,,,,
Slc25a18,Rhbdf2,,,,,,,,,,,
Gal3st2,Xkr8,,,,,,,,,,,
Unc5a,Svbp,,,,,,,,,,,
Npcd,Pla2g7,,,,,,,,,,,
Zc3hav1l,Slc11a1,,,,,,,,,,,
Btbd16,Pias3,,,,,,,,,,,
Il4,Scamp2,,,,,,,,,,,
Wnt16,Ankrd10,,,,,,,,,,,
Ccr10,Mettl25b,,,,,,,,,,,
Il2,Rps19bp1,,,,,,,,,,,
Nudt10,Zfp235,,,,,,,,,,,
Cdcp3,Csf2rb,,,,,,,,,,,
Chrng,Atrip|Gm53191,,,,,,,,,,,
Yy2,Exd2,,,,,,,,,,,
Agpat4,Pym1,,,,,,,,,,,
B130024G19Rik,Sh2d4a,,,,,,,,,,,
Celsr3,Ctps2,,,,,,,,,,,
Clec4a2,Tent5c,,,,,,,,,,,
Trmt61b,Zfp263,,,,,,,,,,,
Phf19,Ttc8,,,,,,,,,,,
Tlnrd1,Fbxw9,,,,,,,,,,,
Dync2li1,Haus4,,,,,,,,,,,
Fam135b,Elmo2,,,,,,,,,,,
Gm10549,Extl2,,,,,,,,,,,
Lta,Slx9,,,,,,,,,,,
Tmem107,Prelid2,,,,,,,,,,,
Otud7a,Lmnb2,,,,,,,,,,,
Cd3g,Bcl7a,,,,,,,,,,,
Scgb2b26,Dnal4,,,,,,,,,,,
Pramel13,Fras1,,,,,,,,,,,
Slc34a1,Acot8,,,,,,,,,,,
9830107B12Rik,Tceanc2,,,,,,,,,,,
Pvt1,Adcy4,,,,,,,,,,,
Jazf1,Tssc4,,,,,,,,,,,
Mtcl1,S1pr2,,,,,,,,,,,
Pcbp3,Sertad1,,,,,,,,,,,
Chek2,Ccdc88c,,,,,,,,,,,
Galnt17,Armc10,,,,,,,,,,,
Cyp2c65,Zfp622,,,,,,,,,,,
Runx1t1,Cyb561d1,,,,,,,,,,,
Ccn3,4632427E13Rik,,,,,,,,,,,
Glipr1,Natd1,,,,,,,,,,,
Syce2,Ezh2,,,,,,,,,,,
Dnmt3l,Ndufaf7,,,,,,,,,,,
Gkn1,Adamts10,,,,,,,,,,,
1700110C19Rik,Arl16,,,,,,,,,,,
5830418P13Rik,Yju2b,,,,,,,,,,,
Lce3a,Gtpbp3,,,,,,,,,,,
H3c7,S100a9,,,,,,,,,,,
Rab33a,Esrrg,,,,,,,,,,,
Or10g6,Ushbp1,,,,,,,,,,,
Acsl6,Polr1b,,,,,,,,,,,
Rtn1,Rfc3,,,,,,,,,,,
Lce1k,Ddx28,,,,,,,,,,,
Dffb,Bcl7c,,,,,,,,,,,
Cd3e,Rwdd3,,,,,,,,,,,
Gins3,Trmt11,,,,,,,,,,,
Lin28a,Phf6,,,,,,,,,,,
Srd5a2,Rbm45,,,,,,,,,,,
Pik3r6,Tha1,,,,,,,,,,,
Shisa3,Rhpn2,,,,,,,,,,,
Rgs20,H2-Aa,,,,,,,,,,,
Trim62,Abl2,,,,,,,,,,,
Mup6,Itgb2,,,,,,,,,,,
Cxcr2,Taco1,,,,,,,,,,,
Rfx2,Gkap1,,,,,,,,,,,
Ccdc73,Cetn2,,,,,,,,,,,
P2ry10,Gadd45a,,,,,,,,,,,
Tnfaip6,Zfpl1,,,,,,,,,,,
P2rx2,Cmss1,,,,,,,,,,,
Il23r,Dpysl3,,,,,,,,,,,
A830082N09Rik,Zscan12,,,,,,,,,,,
Spef1l,Slc39a10,,,,,,,,,,,
ENSMUSG00000031884,Tsr3,,,,,,,,,,,
Pard6g,Rgs4,,,,,,,,,,,
3110009E18Rik,Stk38l,,,,,,,,,,,
H4c6,Rell1,,,,,,,,,,,
Ccdc92,Tsen2,,,,,,,,,,,
Fmo6,Grk5,,,,,,,,,,,
ENSMUSG00000115431,Gask1a,,,,,,,,,,,
4930407I10Rik,ENSMUSG00000100691,,,,,,,,,,,
Wt1,Nkiras2,,,,,,,,,,,
Agap2,Fxn,,,,,,,,,,,
A930003O13Rik,Steap2,,,,,,,,,,,
Kctd1,Cyyr1,,,,,,,,,,,
Gpr12,Aasdh,,,,,,,,,,,
Ctcfl,Gtdc1,,,,,,,,,,,
Snord38a,Mgmt,,,,,,,,,,,
Cdk1,Bmp10,,,,,,,,,,,
Igfn1,Ap4e1,,,,,,,,,,,
Hcar1,Nelfe,,,,,,,,,,,
Lratd1,Mettl15,,,,,,,,,,,
Reno1,Rgl3,,,,,,,,,,,
Tmem91,Erbb4,,,,,,,,,,,
Fxyd2,Eps8,,,,,,,,,,,
Or10p22,Cdc42se2,,,,,,,,,,,
H2al3,Slc17a1,,,,,,,,,,,
Dmrtc1a,Pigv,,,,,,,,,,,
Slc25a27,Deaf1,,,,,,,,,,,
Kif22,Rabep2,,,,,,,,,,,
9230105E05Rik,Dll4,,,,,,,,,,,
Ptch2,Tfpt,,,,,,,,,,,
Paqr6,Mfsd6,,,,,,,,,,,
Plin1,Wipf1,,,,,,,,,,,
Pkp3,Shroom3,,,,,,,,,,,
Gm12238,Trim3,,,,,,,,,,,
Prokr2,Mad2l2,,,,,,,,,,,
Faim2,Zfp212,,,,,,,,,,,
Onecut3,Mlst8,,,,,,,,,,,
Gm4013,Prpf40b,,,,,,,,,,,
Fgf5,Cnot4,,,,,,,,,,,
Qrfp,Sh3yl1,,,,,,,,,,,
Gpha2,Bud13,,,,,,,,,,,
ENSMUSG00000084808,Ces2c,,,,,,,,,,,
ENSMUSG00000051537,Adamtsl2,,,,,,,,,,,
Kctd13,Nt5m,,,,,,,,,,,
Btbd18,Gmcl1,,,,,,,,,,,
Bmpr1b,Cd44,,,,,,,,,,,
ENSMUSG00000064450,Hnrnph3,,,,,,,,,,,
Sstr1,Atn1,,,,,,,,,,,
Lingo4,Toe1,,,,,,,,,,,
ENSMUSG00000105021,Erf,,,,,,,,,,,
Spa17,Zc3h10,,,,,,,,,,,
Pkd1l2,Ccdc181,,,,,,,,,,,
ENSMUSG00000030424,Lsm8,,,,,,,,,,,
Rec8,Tma16,,,,,,,,,,,
Rasgrf1,Nek4,,,,,,,,,,,
Slc6a20a,Atmin,,,,,,,,,,,
A530016L24Rik,Usp21,,,,,,,,,,,
Ush1c,Nsun5,,,,,,,,,,,
Upk1b,Slc35a2,,,,,,,,,,,
Rasal3,Cep104,,,,,,,,,,,
Sntg1,Nid2,,,,,,,,,,,
Efhd1,Stk3,,,,,,,,,,,
Selenok-ps1,Gm7694,,,,,,,,,,,
Slc7a1,H4c14,,,,,,,,,,,
Krt17,Tmem220,,,,,,,,,,,
Asphd2,Sh3bp5l,,,,,,,,,,,
S100a3,Snhg17,,,,,,,,,,,
Best3,Glb1,,,,,,,,,,,
Muc20,Proser2,,,,,,,,,,,
4933417D19Rik,Slc30a6,,,,,,,,,,,
BC016579,Gripap1,,,,,,,,,,,
S100b,Babam2,,,,,,,,,,,
Tmc4,Nkap,,,,,,,,,,,
Ccdc88b,Surf2,,,,,,,,,,,
Gpr84,Unkl,,,,,,,,,,,
Rin1,Arl14ep,,,,,,,,,,,
Itln1|Itlnb,Pprc1,,,,,,,,,,,
Or51e1,Adgra2,,,,,,,,,,,
Gm5420,Zbtb40,,,,,,,,,,,
1700086O06Rik,Pak4,,,,,,,,,,,
Cd79a,Ramp2,,,,,,,,,,,
Gen1,Rbbp8,,,,,,,,,,,
Mamstr,Dcbld2,,,,,,,,,,,
Dner,Zfp81,,,,,,,,,,,
Adam21,Ggps1,,,,,,,,,,,
Ern2,Zfp93,,,,,,,,,,,
Dsg1a,Ccdc71l,,,,,,,,,,,
Fancb,Mettl13,,,,,,,,,,,
Ttbk1,C630043F03Rik,,,,,,,,,,,
Pdx1,Zfyve19,,,,,,,,,,,
Wnt10b,Cdk17,,,,,,,,,,,
Cpxm1,Nt5dc3,,,,,,,,,,,
AU018091,Acvr1,,,,,,,,,,,
Mcpt1,Ifi202b,,,,,,,,,,,
Or5w19,Ttll12,,,,,,,,,,,
Il18rap,Sult1e1,,,,,,,,,,,
Katnal2,Tor4a,,,,,,,,,,,
Gm5464,Lrrc45,,,,,,,,,,,
Slc15a2,Ndufaf3,,,,,,,,,,,
Gm10791,Kti12,,,,,,,,,,,
Hbq1b,Zfhx2,,,,,,,,,,,
1700001O22Rik,Med16,,,,,,,,,,,
6030498E09Rik,Smo,,,,,,,,,,,
ENSMUSG00000102059,Snx6,,,,,,,,,,,
Zan,Sipa1l3,,,,,,,,,,,
Dnah11,Dpy19l3,,,,,,,,,,,
Diras2,Cdkn1c,,,,,,,,,,,
Rp1l1,Plscr2,,,,,,,,,,,
Pdlim4,Leo1,,,,,,,,,,,
Rsad1,Gpsm2,,,,,,,,,,,
Cnga1,Ippk,,,,,,,,,,,
Gng8,Irak4,,,,,,,,,,,
Phf11b,Borcs7,,,,,,,,,,,
Nox1,Dclre1c,,,,,,,,,,,
Gzma,Piezo2,,,,,,,,,,,
A930003A15Rik,Mri1,,,,,,,,,,,
Fgf11,Birc3,,,,,,,,,,,
Lrrc1,Trim21,,,,,,,,,,,
Gucy2e,Bicc1,,,,,,,,,,,
Tacr3,Traf3ip1,,,,,,,,,,,
Itgad,Meaf6,,,,,,,,,,,
Tyr,Xrcc4,,,,,,,,,,,
Rab40b,Dus3l,,,,,,,,,,,
Snord58b,Ercc8,,,,,,,,,,,
Macroh2a2,Il17rb,,,,,,,,,,,
Tektip1,Phykpl,,,,,,,,,,,
Hecw1,Blvra,,,,,,,,,,,
Kbtbd11,Rdm1,,,,,,,,,,,
Or2k2,Reps1,,,,,,,,,,,
Scand1,Thnsl1,,,,,,,,,,,
Dsc1,Acd,,,,,,,,,,,
Stk33,Taf8,,,,,,,,,,,
Creg2,Pold3,,,,,,,,,,,
Gpr156,Cirbp,,,,,,,,,,,
Zfp385c,Smg8,,,,,,,,,,,
Kif7,Cyfip2,,,,,,,,,,,
Stc1,Zfp330,,,,,,,,,,,
Tmem266,Bin3,,,,,,,,,,,
Suv39h2,Aig1,,,,,,,,,,,
Krt78,Card10,,,,,,,,,,,
Nme5,Gigyf1,,,,,,,,,,,
Fbn2,Nfya,,,,,,,,,,,
Greb1,Pyroxd1,,,,,,,,,,,
Cd300lb,Znhit2,,,,,,,,,,,
Mplkipl1,Rmnd5b,,,,,,,,,,,
Slfn1,Zfp319,,,,,,,,,,,
Riiad1,Cpeb3,,,,,,,,,,,
Syndig1l,Anapc10,,,,,,,,,,,
ENSMUSG00000041596,Cebpb,,,,,,,,,,,
Ssu2,Btbd3,,,,,,,,,,,
Lvrn,Fuca2,,,,,,,,,,,
Exog,Tarbp2,,,,,,,,,,,
Lypd3,Fbln5,,,,,,,,,,,
Slc2a13,Gm10778,,,,,,,,,,,
Mmp17,St7,,,,,,,,,,,
ENSMUSG00000112222,Susd2,,,,,,,,,,,
Prkd1,Tmem209,,,,,,,,,,,
Mfap2,Dtd1,,,,,,,,,,,
Rsl1,B4galt3,,,,,,,,,,,
Rfx8,Snx29,,,,,,,,,,,
Epha4,Rexo1,,,,,,,,,,,
Irx5,Slc43a1,,,,,,,,,,,
P3h2,Zfp398,,,,,,,,,,,
Dach1,Tmco3,,,,,,,,,,,
Atp6v1c2,Btrc,,,,,,,,,,,
Snord1c,Sh3gl1,,,,,,,,,,,
Cdca3,Tle4,,,,,,,,,,,
Zfp992,Slc12a9,,,,,,,,,,,
Dnai4,Vps37b,,,,,,,,,,,
Serpini1,Qpctl,,,,,,,,,,,
A430093F15Rik,Abcd4,,,,,,,,,,,
BC051019,D130020L05Rik,,,,,,,,,,,
Tcf7l1,Scoc,,,,,,,,,,,
Fap,Nol12,,,,,,,,,,,
Lce1h,Arb2a,,,,,,,,,,,
Kif4,ENSMUSG00000075511,,,,,,,,,,,
Atp2c2,Vps51,,,,,,,,,,,
Prss44,Cdkal1,,,,,,,,,,,
Adam24,Dguok,,,,,,,,,,,
Ccdc13,Lrig3,,,,,,,,,,,
Neto2,Dlg5,,,,,,,,,,,
Pgbd1,Hspa14,,,,,,,,,,,
Kcng2,Fn3krp,,,,,,,,,,,
Gpr75,Tagln2,,,,,,,,,,,
Cd207,Ube2d1,,,,,,,,,,,
Vmn1r203,2210408I21Rik,,,,,,,,,,,
Fbxo43,Mrpl36,,,,,,,,,,,
Aif1l,Srsf9,,,,,,,,,,,
Ppm1n,Zfp329,,,,,,,,,,,
Zfp781,Smug1,,,,,,,,,,,
C730002L08Rik,Senp7,,,,,,,,,,,
Snx31,Fignl2,,,,,,,,,,,
Unc5d,Pold2,,,,,,,,,,,
Ccdc74a,Ggt5,,,,,,,,,,,
Terb1,Zfp574,,,,,,,,,,,
Pyy,Lrrc8c,,,,,,,,,,,
Emid1,Klf7,,,,,,,,,,,
Reg3d,Zfp65,,,,,,,,,,,
Ncs1,Cldn14,,,,,,,,,,,
Slc7a9,Nkd1,,,,,,,,,,,
Fcrl2,Zfp874b,,,,,,,,,,,
Zfp78,Ddx49,,,,,,,,,,,
Chn1,Exosc3,,,,,,,,,,,
Ceacam3,Zfp526,,,,,,,,,,,
Sdr16c5,Csrnp1,,,,,,,,,,,
Spmip6,Msto1,,,,,,,,,,,
H2ac25,Lrrc57,,,,,,,,,,,
Ntf5,Lemd2,,,,,,,,,,,
H60c,Paxx,,,,,,,,,,,
Dnai1,Tiprl,,,,,,,,,,,
Tmc5,Wdr73,,,,,,,,,,,
Zfp202,Fam204a,,,,,,,,,,,
Il7,Zfp513,,,,,,,,,,,
Chst12,Tlr5,,,,,,,,,,,
Kazald1,Med4,,,,,,,,,,,
A630089N07Rik,Ankrd26,,,,,,,,,,,
Gm16796,Cldn5,,,,,,,,,,,
Xpnpep2,Dennd2a,,,,,,,,,,,
Ankrd66,Cdk14,,,,,,,,,,,
Tex38,Golph3l,,,,,,,,,,,
Xkr5,Rdh14,,,,,,,,,,,
ENSMUSG00000060183,Slc35b3,,,,,,,,,,,
Muc5b,Fam185a,,,,,,,,,,,
Casr,Fancl,,,,,,,,,,,
Spaca7,Sppl3,,,,,,,,,,,
Ttc12,Tbc1d31,,,,,,,,,,,
Rslcan18,Hmg20b,,,,,,,,,,,
Dok3,Ccdc157,,,,,,,,,,,
3300002I08Rik,Vangl1,,,,,,,,,,,
Tmem200b,Usp42,,,,,,,,,,,
Gm57858,Poglut1,,,,,,,,,,,
Ctsk,Strip1,,,,,,,,,,,
Clec12b,Nphp3,,,,,,,,,,,
Trim45,Dcdc2a,,,,,,,,,,,
Krtap3-2,Serac1,,,,,,,,,,,
Vmn2r79,Ptrhd1,,,,,,,,,,,
Grm3,Dars2,,,,,,,,,,,
Smim3,Mitf,,,,,,,,,,,
Fam78b,Tagap1,,,,,,,,,,,
Itgb2l,ENSMUSG00000084350,,,,,,,,,,,
Pdcd1,Zmat3,,,,,,,,,,,
Tmem181a,Phtf1,,,,,,,,,,,
Slc8a2,Anks3,,,,,,,,,,,
ENSMUSG00000112795,Cyth4,,,,,,,,,,,
Scx,Cnot11,,,,,,,,,,,
Enox1,Ift81,,,,,,,,,,,
Oscar,Upf3b,,,,,,,,,,,
Gcnt1,Surf6,,,,,,,,,,,
Slc4a1,Ppargc1b,,,,,,,,,,,
Eml6,Capn10,,,,,,,,,,,
Gtf2a1l,Ndc1,,,,,,,,,,,
Gm14812,Mup1,,,,,,,,,,,
Trpm8,Stimate,,,,,,,,,,,
Klk7,Pus1,,,,,,,,,,,
Fam110a,Efnb1,,,,,,,,,,,
Ly6g6e,ENSMUSG00000030680,,,,,,,,,,,
Nipal4,Ccdc51,,,,,,,,,,,
Fem1al,Chsy1,,,,,,,,,,,
Scgb1a1,Zfp704,,,,,,,,,,,
Vmn1r172,Zfp982,,,,,,,,,,,
Iho1,Wdr37,,,,,,,,,,,
D330041H03Rik,Abca5,,,,,,,,,,,
4930527F14Rik,Zfp111,,,,,,,,,,,
Tgfb2,Dcbld1,,,,,,,,,,,
Arxes2,Dhodh,,,,,,,,,,,
Arxes1,Soat1,,,,,,,,,,,
Fzd10,Tmem199,,,,,,,,,,,
Fkbp6,Zmynd19,,,,,,,,,,,
Gm10635,Tyms,,,,,,,,,,,
Dcdc2b,2700062C07Rik,,,,,,,,,,,
Hemgn,Mplkip,,,,,,,,,,,
Sox4,Abcg1,,,,,,,,,,,
Nek11,Pacrgl|5730480H06Rik,,,,,,,,,,,
Cfap74,Car5b,,,,,,,,,,,
Ppbp,Ppm1d,,,,,,,,,,,
Jakmip2,Wdr12,,,,,,,,,,,
Kcnj3,Pwwp3a,,,,,,,,,,,
Ffar2,Samd1,,,,,,,,,,,
Csf2,Septin8,,,,,,,,,,,
Defb6,Elp4,,,,,,,,,,,
Tafa4,Pamr1,,,,,,,,,,,
Or5p52,Gas1,,,,,,,,,,,
Nkain1,Lig4,,,,,,,,,,,
Gpr17,Dmwd,,,,,,,,,,,
I830077J02Rik,Noc3l,,,,,,,,,,,
Pate2,Loxl2,,,,,,,,,,,
Gria3,Anapc15,,,,,,,,,,,
Acbd7,Cdc23,,,,,,,,,,,
ENSMUSG00000074235,Nans,,,,,,,,,,,
Myh15,Cox11,,,,,,,,,,,
Myl6b,Rogdi,,,,,,,,,,,
Lca5,Tmem177,,,,,,,,,,,
Rspo1,Gnb4,,,,,,,,,,,
Pcdhga1,Tbc1d12,,,,,,,,,,,
Dbpht2,Champ1,,,,,,,,,,,
Car7,Zfyve27,,,,,,,,,,,
Trim59,Mad1l1,,,,,,,,,,,
Cd164l2,Epha7,,,,,,,,,,,
Abcg4,Robo1,,,,,,,,,,,
Diras1,Tbcb,,,,,,,,,,,
Phldb3,Inpp1,,,,,,,,,,,
A930004D18Rik,Nme7,,,,,,,,,,,
Gpr143,Zfp608,,,,,,,,,,,
Gm128,,,,,,,,,,,,
Fibcd1,,,,,,,,,,,,
Kcnq1,,,,,,,,,,,,
A930018P22Rik,,,,,,,,,,,,
Trim12a,,,,,,,,,,,,
1700019D03Rik,,,,,,,,,,,,
Ear2,,,,,,,,,,,,
Npas2,,,,,,,,,,,,
Kcnk4,,,,,,,,,,,,
Klk10,,,,,,,,,,,,
Wdhd1,,,,,,,,,,,,
Coro2a,,,,,,,,,,,,
1700025N23Rik,,,,,,,,,,,,
Bcl2a1b,,,,,,,,,,,,
Slc29a2,,,,,,,,,,,,
Car6,,,,,,,,,,,,
Ccdc113,,,,,,,,,,,,
Crybb1,,,,,,,,,,,,
Zbtb7c,,,,,,,,,,,,
Bdnf,,,,,,,,,,,,
Procr,,,,,,,,,,,,
Pp2d1,,,,,,,,,,,,
Fam161a,,,,,,,,,,,,
C5ar1,,,,,,,,,,,,
Vegfd,,,,,,,,,,,,
Ccr1,,,,,,,,,,,,
Tgm4,,,,,,,,,,,,
Aloxe3,,,,,,,,,,,,
Grap2,,,,,,,,,,,,
Syn3,,,,,,,,,,,,
Capn12,,,,,,,,,,,,
Lgi4,,,,,,,,,,,,
Vmn1r81,,,,,,,,,,,,
Zfp28,,,,,,,,,,,,
2200002D01Rik,,,,,,,,,,,,
1810064F22Rik,,,,,,,,,,,,
Hs3st5,,,,,,,,,,,,
Cacna1c,,,,,,,,,,,,
D030028A08Rik,,,,,,,,,,,,
ENSMUSG00000097413,,,,,,,,,,,,
Lrrc25,,,,,,,,,,,,
Dcaf12l2,,,,,,,,,,,,
Itga11,,,,,,,,,,,,
Gins2,,,,,,,,,,,,
Tnfrsf22,,,,,,,,,,,,
Teddm3,,,,,,,,,,,,
Kcnc4,,,,,,,,,,,,
Khdc3,,,,,,,,,,,,
Fkbp1b,,,,,,,,,,,,
BC051226,,,,,,,,,,,,
Cnfn,,,,,,,,,,,,
Catsper4,,,,,,,,,,,,
Gm5535,,,,,,,,,,,,
Galnt6,,,,,,,,,,,,
2410137M14Rik,,,,,,,,,,,,
Smco3,,,,,,,,,,,,
Fst,,,,,,,,,,,,
Mpped1,,,,,,,,,,,,
Or5m5,,,,,,,,,,,,
Bmp15,,,,,,,,,,,,
Lrrc74b,,,,,,,,,,,,
Epha6,,,,,,,,,,,,
Fsip1,,,,,,,,,,,,
Vmn2r24,,,,,,,,,,,,
Lrrc75a,,,,,,,,,,,,
Vmn2r8,,,,,,,,,,,,
Zfp13,,,,,,,,,,,,
Scin,,,,,,,,,,,,
Ms4a4c,,,,,,,,,,,,
Rnf39,,,,,,,,,,,,
Or4a77,,,,,,,,,,,,
Exoc3l4,,,,,,,,,,,,
Tmem196,,,,,,,,,,,,
Fcgbpl1,,,,,,,,,,,,
Myoc,,,,,,,,,,,,
Gpr65,,,,,,,,,,,,
Tgm3,,,,,,,,,,,,
Dnah17,,,,,,,,,,,,
Prss1l,,,,,,,,,,,,
Nkx2-1,,,,,,,,,,,,
Chodl,,,,,,,,,,,,
Oscp1,,,,,,,,,,,,
Areg,,,,,,,,,,,,
Prss27,,,,,,,,,,,,
Lce1d,,,,,,,,,,,,
Ccdc87,,,,,,,,,,,,
Ccdc63,,,,,,,,,,,,
Fam110d,,,,,,,,,,,,
Rasef,,,,,,,,,,,,
Tbx18,,,,,,,,,,,,
Hk1os,,,,,,,,,,,,
Ccdc116,,,,,,,,,,,,
Gm10190,,,,,,,,,,,,
Zfp711,,,,,,,,,,,,
Gxylt2,,,,,,,,,,,,
Frs3,,,,,,,,,,,,
Grin1,,,,,,,,,,,,
Trim67,,,,,,,,,,,,
Kcnt2,,,,,,,,,,,,
Pim2,,,,,,,,,,,,
Spag1,,,,,,,,,,,,
Gspt2,,,,,,,,,,,,
Slc1a6,,,,,,,,,,,,
Tmem88,,,,,,,,,,,,
Kl,,,,,,,,,,,,
Lipk,,,,,,,,,,,,
Fgf12,,,,,,,,,,,,
Arhgap27,,,,,,,,,,,,
Tas2r126,,,,,,,,,,,,
Plp1,,,,,,,,,,,,
Ddah2,,,,,,,,,,,,
Them5,,,,,,,,,,,,
Sfta3-ps,,,,,,,,,,,,
Efcc1,,,,,,,,,,,,
Smim9,,,,,,,,,,,,
ENSMUSG00000089875,,,,,,,,,,,,
Ptger2,,,,,,,,,,,,
Hey1,,,,,,,,,,,,
Vwa2,,,,,,,,,,,,
Lrmda,,,,,,,,,,,,
Cenpt,,,,,,,,,,,,
Ugt1a10,,,,,,,,,,,,
Timp1,,,,,,,,,,,,
Cd300lf,,,,,,,,,,,,
Stc2,,,,,,,,,,,,
Tacr2,,,,,,,,,,,,
Scart1,,,,,,,,,,,,
Vmn1r58,,,,,,,,,,,,
Mageb3,,,,,,,,,,,,
Rab39,,,,,,,,,,,,
Glis1,,,,,,,,,,,,
Ctsw,,,,,,,,,,,,
Gpsm1,,,,,,,,,,,,
Kcnmb3,,,,,,,,,,,,
Marchf3,,,,,,,,,,,,
9330151L19Rik,,,,,,,,,,,,
Aqp7,,,,,,,,,,,,
Arhgap19,,,,,,,,,,,,
Apol7b,,,,,,,,,,,,
Crabp1,,,,,,,,,,,,
Pou3f2,,,,,,,,,,,,
Vmn2r7,,,,,,,,,,,,
Actl10,,,,,,,,,,,,
4732471J01Rik,,,,,,,,,,,,
Gm15787,,,,,,,,,,,,
Rab3b,,,,,,,,,,,,
Fgfbp1,,,,,,,,,,,,
Cdh17,,,,,,,,,,,,
Tbxa2r,,,,,,,,,,,,
Or4k1,,,,,,,,,,,,
ENSMUSG00000078684,,,,,,,,,,,,
Tmem178b,,,,,,,,,,,,
Prss35,,,,,,,,,,,,
Cklf,,,,,,,,,,,,
Zfp934,,,,,,,,,,,,
Rhbdl3,,,,,,,,,,,,
Tg,,,,,,,,,,,,
Ephb6,,,,,,,,,,,,
Chst4,,,,,,,,,,,,
Siglech,,,,,,,,,,,,
Knl1,,,,,,,,,,,,
Dusp13b,,,,,,,,,,,,
Slc18b1,,,,,,,,,,,,
Galnt5,,,,,,,,,,,,
Vmn1r87,,,,,,,,,,,,
Clec11a,,,,,,,,,,,,
9430037G07Rik,,,,,,,,,,,,
Ulbp1,,,,,,,,,,,,
Zkscan16,,,,,,,,,,,,
Nr2e3,,,,,,,,,,,,
ENSMUSG00000098098,,,,,,,,,,,,
D430036J16Rik,,,,,,,,,,,,
Hs3st3a1,,,,,,,,,,,,
Meig1,,,,,,,,,,,,
Dipk2b,,,,,,,,,,,,
Irak3,,,,,,,,,,,,
Paqr8,,,,,,,,,,,,
Ascl2,,,,,,,,,,,,
Pdzrn4,,,,,,,,,,,,
Ms4a3,,,,,,,,,,,,
Pkn3,,,,,,,,,,,,
Rhoh,,,,,,,,,,,,
AI467606,,,,,,,,,,,,
Chrne,,,,,,,,,,,,
Lama3,,,,,,,,,,,,
Tpsab1,,,,,,,,,,,,
Slfnl1,,,,,,,,,,,,
Slc39a5,,,,,,,,,,,,
Shc2,,,,,,,,,,,,
Card11,,,,,,,,,,,,
Rhpn1,,,,,,,,,,,,
Sfrp2,,,,,,,,,,,,
Slc7a4,,,,,,,,,,,,
Gnb1l,,,,,,,,,,,,
H2-Ob,,,,,,,,,,,,
Brinp3,,,,,,,,,,,,
Obp2a,,,,,,,,,,,,
Psg23,,,,,,,,,,,,
Clmp,,,,,,,,,,,,
Mapk11,,,,,,,,,,,,
Dgkk,,,,,,,,,,,,
Cntn4,,,,,,,,,,,,
Gm3696,,,,,,,,,,,,
Gpr31b,,,,,,,,,,,,
Vmn1r79,,,,,,,,,,,,
H2-Q7|H2-Q9,,,,,,,,,,,,
Or52e8b,,,,,,,,,,,,
Tle6,,,,,,,,,,,,
Gm16973,,,,,,,,,,,,
Lefty2,,,,,,,,,,,,
Pou3f1,,,,,,,,,,,,
Mrgpre,,,,,,,,,,,,
Slco1a5,,,,,,,,,,,,
Smpd3,,,,,,,,,,,,
Col10a1,,,,,,,,,,,,
Crip3,,,,,,,,,,,,
5330434G04Rik,,,,,,,,,,,,
Actl9,,,,,,,,,,,,
Cndp1,,,,,,,,,,,,
Rax,,,,,,,,,,,,
Nudt17,,,,,,,,,,,,
Wasf3,,,,,,,,,,,,
Tmem45a,,,,,,,,,,,,
Tcam1,,,,,,,,,,,,
Pcdhgb7,,,,,,,,,,,,
Pde6h,,,,,,,,,,,,
ENSMUSG00000104043,,,,,,,,,,,,
H1f10,,,,,,,,,,,,
Vmn2r108,,,,,,,,,,,,
Napsa,,,,,,,,,,,,
4933438K21Rik,,,,,,,,,,,,
Slc30a2,,,,,,,,,,,,
Dyrk3,,,,,,,,,,,,
Fscn2,,,,,,,,,,,,
Pax5,,,,,,,,,,,,
Fam3d,,,,,,,,,,,,
Gzmk,,,,,,,,,,,,
Snora81,,,,,,,,,,,,
Dnm3,,,,,,,,,,,,
1810065E05Rik,,,,,,,,,,,,
Ift57,,,,,,,,,,,,
Tyrp1,,,,,,,,,,,,
Rgs18,,,,,,,,,,,,
F730035M05Rik,,,,,,,,,,,,
Tcf23,,,,,,,,,,,,
Sox2ot,,,,,,,,,,,,
Tmeff2,,,,,,,,,,,,
Spin4,,,,,,,,,,,,
Otop1,,,,,,,,,,,,
Spink14,,,,,,,,,,,,
Vmn1r12,,,,,,,,,,,,
Trpc6,,,,,,,,,,,,
Sectm1a,,,,,,,,,,,,
Tnc,,,,,,,,,,,,
Ttll11,,,,,,,,,,,,
Or6c6c,,,,,,,,,,,,
Gm13710,,,,,,,,,,,,
Ccdc17,,,,,,,,,,,,
Myh13,,,,,,,,,,,,
Ldlrad1,,,,,,,,,,,,
Adamts19,,,,,,,,,,,,
Tcea2,,,,,,,,,,,,
Ccdc34,,,,,,,,,,,,
Usp26,,,,,,,,,,,,
Wnt9b,,,,,,,,,,,,
Syt13,,,,,,,,,,,,
Hes7,,,,,,,,,,,,
