FLT_cluster_3_mixed_stress,FLT_cluster_13_muscle_contractile,FLT_cluster_15_contractile_mito,FLT_cluster_14_liver_secreted,GC_cluster_1_DE_enriched,DESeq2_meta_sig_12filter
Rpl32l,Hr,Cacna1s,Grip2,Olfr287,Apoa4
Cdca5,Mst1r,Thbs3,Tma7,Cacna1s,Treh
Ly6i,Adamtsl3,Sorcs2,Mup14,Rpl32l,Tg
Tmem150cos,Mthfd2,Asb10,Hectd2os,Cdca5,Cyp4a14
Mir1968,Chrdl1,Aplnr,Rps13,Ly6i,Myl1
Ankdd1b,Scn7a,Olfr482,Fhl1,Tmem150cos,Acta1
Jph4,1700067K01Rik,Kcnab3,Alas2,Mir1968,Sult1e1
Snord82,Olfr39,Cox6a2,Spry4,Ankdd1b,Tnnt3
Vmn1r89,Sstr2,Sycn,Mup20,Jph4,Adcy1
Nxnl1,Lep,Ccdc96,Cyp2c40,Snord82,Olfr827
Olfr18,Ccr7,Foxs1,Mettl23,Vmn1r89,Cdkn1a
Troap,Slc25a35,Ckmt2,Cyp3a16,Nxnl1,Trim80
Lrrc9,Wif1,Slc22a17,Hnf1b,Olfr18,Tuba8
Tnf,Slc8a3,Clps,Rmrp,Troap,Mup17
Olfr1414,Ptprn2,Gp2,Prkca,Sorcs2,Trim72
Snord67,Fhl2,Icam4,Col27a1,Lrrc9,Myh4
Gm16853,Myoz3,Stra8,Abhd17a,Asb10,Myh2
Aknad1,Niban3,Alox12b,Mup16,Tnf,Mup15
Mir1898,Snord99,Cpxm2,Abca3,Olfr1414,Myh1
Dnaaf1,Ddit4l,Rab25,Serpine2,Snord67,Pitx3
Amh,Adcy2,Slc5a9,Inhba,Gm16853,Cox8b
Crisp3,ccdc198,Camk2a,Mup17,Aknad1,Myo18b
Dlx4os,Hsd3b1,Mfap5,G0s2,Dnaaf1,Trpm5
Hoxc9,Alpk3,Ptpru,Mrpl53,Amh,Mybpc1
Pitpnm3,Pnlip,Ppfia3,Aqp4,Crisp3,Casq2
Olfr554,Sebox,Hrc,Rpl36,Dlx4os,Xirp2
Cox6b2,Rptn,Agbl1,Crybg3,Hoxc9,Cdk3
Vwa5b2,H2ac21,Myh7b,Mvd,Pitpnm3,Chrdl2
1700110I01Rik,Klhl31,Psmc3ip,Rps2,Olfr554,Sh3bgr
Olfr801,Plekhn1,Vwa1,Extl1,Cox6b2,Il6
Snord66,Slco1a6,Slc35f2,Rpl30,Vwa5b2,Hrc
Adgrb2,Mylpf,Clba1,Kpna2,1700110I01Rik,Alox15
Gpr176,Ctrl,Sfrp5,Hao2,Olfr801,Wnt11
Foxj1,Nalf2,Smtnl1,Cyp2c38,Snord66,Ptgs2
Faxc,Snhg9,Cpz,Rnf125,Adgrb2,Cyp2c53-ps
4930404A05Rik,Cdc42ep5,Slc6a4,Thrsp,Gpr176,Cxcl2
Ror2,Fbxl22,Rhox5,Nr1d2,Foxj1,1700027J07Rik
Hsd11b2,Nckap5l,Lgals2,Fmc1,Faxc,Ckmt1
Negr1,Myh7,Pof1b,Snord22,4930404A05Rik,4931429L15Rik
Gsdma2,Lgi2,Trdn,Asap2,Ror2,Mucl1
Mroh7,Itgae,Cabp2,Gsta4,Hsd11b2,Prtn3
Olfr699,Tmod1,Gsdma,Mup19,Negr1,Adipoq
Arhgef33,Cyp4f18,Slc36a2,Srd5a1,Gsdma2,Barx2
Gria1,Abra,Srpx,Atp2b2,Mroh7,Fgf10
Snord65,Aldh1a3,Lrrn1,Lepr,Lep,Gm13490
Nxf7,Poln,Dmkn,Atox1,Arhgef33,Mypn
3830403N18Rik,Grhl3,Ccn5,Selenbp2,Gria1,3830403N18Rik
Olfr1122,Tmed6,Klhl38,Gm14403,Snord65,
Sostdc1,Dach2,Rbfox1,Gm14327,Nxf7,
D030047H15Rik,Serpina3i,Tbx15,Sulf2,3830403N18Rik,
Rflna,Snord8,Gdpd3,Mug2,Olfr1122,
Bex2,Itgb1bp2,Cldn4,Timm13,Sostdc1,
Stmn1-rs1,Cacnb1,Six1,Csad,D030047H15Rik,
Kcnj1,Adipoq,Klk1,H4c4,Rflna,
Gcm2,Ackr3,Pla2g4e,Sco2,Bex2,
Srsf12,Clic3,Fabp3,Sqle,Stmn1-rs1,
Cldn10,Gm9696,Aldh1a2,Slc2a5,Kcnj1,
Grid2,Gm16062,Clcn1,Cux2,Gcm2,
Gm12789,Fxyd6,Mcpt4,A930015D03Rik,Srsf12,
Olfr768,Kcnab2,Slc30a3,Mup12,Cldn10,
Slc16a14,Six4,Rgma,Slc15a4,Grid2,
Mir3067,Cnn1,Myoz1,4930470H14Rik,Gm12789,
4930519G04Rik,P3h4,Methig1,Wfdc17,Olfr768,
Samd11,Anxa9,Gpx2,Ntrk2,Cox6a2,
Vsnl1,Vill,Myl2,Cry1,Slc16a14,
1700011B04Rik,Myom1,Calml3,Cyp2a4,Sycn,
Olfr523,Chil3,Irx3,Hddc3,Mir3067,
A2m,Snord49a,Rpl3l,Creld2,4930519G04Rik,
Slc16a8,Plcd3,Ankrd35,Hspg2,Samd11,
1700028P15Rik,Obscn,Coro6,Morf4l1-ps1,Vsnl1,
Klrc3,Ace2,Kcnj14,Pcp4l1,1700011B04Rik,
C130071C03Rik,Rhbdl1,Ccl11,Rpl29,Olfr523,
Gm20750,Arg2,Dsg1b,Srp54b,A2m,
Olfr967,Fxyd3,2010106E10Rik,Serpina4-ps1,Slc16a8,
Gramd2,Nupr1,3425401B19Rik,Sirpa,1700028P15Rik,
Bdkrb2,Zfp428,Gzmm,Cyp2b13,Klrc3,
Dlk1,Snora62,Dusp27,Serpina1e,Radx,
Olfr640,Aspn,Wnt9a,Prg4,C130071C03Rik,
D630023F18Rik,Plppr3,Lrrc2,Smad9,Gm20750,
Psg19,Ptgis,Wfdc12,Tspan4,Olfr967,
Eef1akmt3,Fut2,Spata33,C730036E19Rik,Gramd2,
Spesp1,Slc2a6,Hebp2,Srgap3,Bdkrb2,
Olfr769,4933409K07Rik,Mpz,Stap1,Dlk1,
Trim50,Olfr876,Fbp2,Hopx,Olfr640,
Dock3,Cel,Tmem40,Vldlr,D630023F18Rik,
Gm10653,Adap1,Esrp1,Idi1,Psg19,
Ttc30a2,Mybpc2,Tnni1,Acmsd,Eef1akmt3,
1110028F18Rik,Lrrc46,Nlrp10,Mug-ps1,Spesp1,
Strc,Adcy10,Mab21l4,A1bg,Dpep2,
3300005D01Rik,Tcap,Apobec2,Churc1,Olfr769,
Slc44a5,Txlnb,Myot,Sucnr1,Ckmt2,
Triml2,Nbl1,Mrgprf,Fmo4,Trim50,
Doc2b,Il36g,Gm16063,Lsm7,Dock3,
Zfp286,4930568G15Rik,Sh3bgr,Cops9,Clps,
Ucp1,Cyp2s1,Duox1,Rdh16f2,Ttc30a2,
Zp4-ps,Cela3b,Klk8,Nt5e,Tshb,
AU022793,Kcne3,Tmprss13,Akr1c19,Olfr133,
Tekt1,BC021767,Cavin4,Abcd2,1110028F18Rik,
Tnk2os,Zxda,Actc1,Dynlt1b,Strc,
Gm4265,Kank4,Cox8b,Trp53inp1,3300005D01Rik,
Abcc12,Rnf227,Ly6g6c,Anp32b,Slc44a5,
Mmel1,Ttc34,Jag2,Cyp7b1,Gp2,
Olfr845,Vcan,Sectm1b,H4c3,Triml2,
Syn2,Tspan8,Jph2,Snord104,4930570G19Rik,
1700105P06Rik,Epop,Chl1,Mup15,Zfp286,
Olfr974,Fndc1,Kcnq4,Polr2i,Ucp1,
Rsph1,Retn,Cers3,Snord17,Zp4-ps,
Bcat1,BB123696,Dnm1,Guk1,Chrna1,
Spo11,Synpo2l,Myo18b,Etfbkmt,AU022793,
Gm4791,Mfap4,Col11a2,Slc35d2,Tekt1,
Fam227b,Snord14d,Hspa1a,Mup10,Tnk2os,
Ssxb5,Ihh,Cbr2,Slc66a1,Gm4265,
Rsph14,Dnai3,Lrrd1,Gbp11,Icam4,
Eya2,Map6,Casq1,Tmsb4x,Abcc12,
A730043L09Rik,Lmod1,Fndc9,Abcb1a,Mmel1,
Slc7a13,Musk,Gdpd2,Alad,Olfr845,
Kcnj6,Nkx6-1,Aqp3,Acot1,Syn2,
Alkal2,Dnase1l2,Fam83a,Bid,1700105P06Rik,
Slc35f3,Snora47,Asb11,Zfp970,Olfr974,
Klra7,Tnni2,Lor,Eno1b,Stra8,
Gm20756,Ak1,Mas1,Snora74a,Rsph1,
Pgf,Sbsn,Muc15,Mt2,Bcat1,
Cd177,Tchh,Gm15612,Rpl28,Spo11,
H2bu2,Krt19,Psapl1,Serpina11,Gm4791,
Snorc,Pdlim3,Whrn,Cyp2d9,Myoz3,
Hoxb6,Krt13,Gm6614,H2-Q6,Fam227b,
Cer1,Nol3,Prss2,Vnn1,Ssxb5,
Bmerb1,Cavin3,Car12,Nfil3,Rsph14,
C1ql4,Tmprss4,Osr1,Pyroxd2,Eya2,
Erv3,Fsd2,Bves,Elovl3,A730043L09Rik,
Cckar,Myh8,Myoz2,Scarna6,Slc7a13,
Tarm1,Col17a1,Hspb7,Samd9l,Kcnj6,
Mcub,Plekha4,Crhr2,Ndufb4,Alkal2,
4933416M07Rik,Pira12,Mylk2,Serpina3c,Slc35f3,
Ajap1,Myl3,Grin3b,Neil2,Gm20756,
Clec2g,Pax8,Sncg,Tiam2,Pgf,
Olfr1313,Plat,Slurp1,C6,Cd177,
Olfr487,Hhipl2,Kcna1,Nr1d1,H2bu2,
Tmprss11f,Gm13889,Trim72,Mup2,Snorc,
Mir148b,Gm16008,Mlip,Mthfr,Hoxb6,
9330117O12Rik,Anxa8,Cpa3,Tymp,Rab25,
Cfap70,Pkp1,Npy,Ltbp4,Cer1,
Olfr1366,Gm10804,Epn3,Ndufa11,Bmerb1,
Olfr653,Ckm,Krtdap,Ccnf,C1ql4,
4930486L24Rik,Snora61,Col7a1,Ifi27l2a,4930405J17Rik,
Pla2g5,Spef1,Olfr1388,Sult2a7,Erv3,
Grm1,Myl1,Chrdl2,Cyp2c69,Cckar,
Csrnp3,Apbb1,Serpinb2,Gbp10,Tarm1,
9430021M05Rik,Ccl19,Epdr1,Rpl39,Olfr270,
Slc5a10,Noxa1,Rtl8c,Gpat3,Mcub,
Vmn1r67,Fam83f,Eno2,Cyp2b9,4933416M07Rik,
C2cd6,Myh2,Nectin4,Rnf152,Ajap1,
Sv2b,Dtx1,Sec14l5,Iah1,Slc5a9,
Pcdhb3,Pknox2,Apol6,Mup18,Clec2g,
Olfr13,Amy2a5,Asprv1,Sult2a1,Olfr487,
Gapt,Mfap3l,Tmem190,Trim34a,Tmprss11f,
Sec14l3,Tsix,Aldh3a1,Sult1c2,9330117O12Rik,
Alox8,Apod,Krt14,Slc17a8,Cfap70,
Minar1,Gm10745,Cspg4,Nox4,Camk2a,
4930593A02Rik,Mb,Cma1,Xist,Arhgap26,
Olfr478,Trim63,Aox4,D630045J12Rik,Olfr1366,
Olfr1245,R74862,Aoc3,Sult3a1,Olfr653,
Gm19434,Prss50,Bicdl2,Irs2,4930486L24Rik,
Tmigd1,Stac3,Amy2b,Cyp2c39,Pla2g5,
Glp1r,Actg2,Ucp3,Cyp2c23,Grm1,
Olfr1135,Myef2l,C1qtnf9,Pim3,9430021M05Rik,
Cacna1f,Inka2,Usp13,Cep85,Slc5a10,
Olfr221,Smtnl2,Serpinb3a,Nr0b2,Vmn1r67,
Olfr870,Tnnt2,Wnt7b,Nhsl1,C2cd6,
Catsperb,Snora31,Asb14,Hmgn5,Sv2b,
Brme1,Ryr1,Casq2,Lgr5,Pcdhb3,
Klhl10,Slamf9,Speer9-ps1,Sec61g,Gm10471,
Tmem240,Mybpc1,Ano5,Gatm,Gapt,
Sorcs3,Wnk2,Tmem45a2,Serpina12,Sec14l3,
Klhdc9,2210010C04Rik,Actn3,Sult2a2,Alox8,
Ska1,Nuggc,Acsbg1,H4c8,Minar1,
Btnl4,Ckmt1,Mt4,Mrpl14,4930593A02Rik,
Prtn3,Celsr2,Alox15,Rpl27,Olfr478,
Clvs2,Gpc3,Cnksr1,Rgs16,Olfr1245,
1700049L16Rik,Upp1,Lrrc17,Hspe1,Gm19434,
9230112J17Rik,Fndc5,Prr33,Slc13a3,Tmigd1,
Olfr20,Gm12718,Myl7,Dbp,Glp1r,
Spock3,Tmem100,P2rx5,Rsph3b,Olfr1135,
Vmn2r45,B9d1,Adgrf2,Hsd17b6,Cacna1f,
Zfp92,Gsto2,Rnase1,Scarna2,Olfr221,
4933404K08Rik,Cela2a,Boc,Scarna10,Catsperb,
Hrh1,Gm7030,Mapk13,Sfi1,Dusp18,
4833412C05Rik,Atp2a1,Csta1,Serpinb1a,Brme1,
Tsga13,Tnnt3,Pvalb,Rarres1,Klhl10,
Olfr1197,Atxn7l2,Gm839,Usp2,Tmem240,
Vmn1r228,Uckl1os,Kif12,Snord15b,Sorcs3,
Olfr60,Unc13c,Retnla,Syt1,Klhdc9,
Snord34,Pcdhb9,Tmem182,Ifi204,Ska1,
Hs3st4,Erp27,Fgf7,Rpl3,Btnl4,
Acod1,Gfap,Ptrh1,Abhd1,Prtn3,
Ptprv,Ppp1r3a,Reg1,Pik3c2g,Clvs2,
Duxbl1,Nkain4,Slc4a3,Smlr1,1700049L16Rik,
Scn1a,Mir1983,Card14,Rps18,9230112J17Rik,
Hsd17b1,Klf5,Mmp3,Ablim3,Hrc,
Bhlhe22,Pgam2,Lrrc15,Hba-a1,Olfr20,
Fgf14,Cyp4f39,Il1r2,Fmo3,Vmn2r45,
4930546K05Rik,Ppfia4,Tyro3,Rpph1,Zfp92,
Olfr679,Olfml2b,Car15,Mif,Hrh1,
Hoxb7,Recql4,Try4,Rps7,4833412C05Rik,
Egr2,Cyp21a1,Ccn3,Prlr,Tsga13,
Vmn1r40,Pacsin1,Zfp185,Slc22a7,Olfr1197,
Miox,Olfr1425,Acsl6,Cldn3,Vmn1r228,
Agrp,Neurl2,Cercam,Slc10a2,Olfr60,
Shisal1,Dab1,Mup6,Rplp0,Snord34,
Olfr1016,Mmp23,Sdcbp2,Rplp2,Hs3st4,
Gm14164,Sfn,Endou,Cyp3a44,Acod1,
Shisa8,Akap6,Wt1,Cdh1,Ptprv,
4833427F10Rik,R3hdml,A530016L24Rik,Acot3,Duxbl1,
Arhgap15os,Ripply1,Sync,Tut4,Agbl1,
Gm10637,Vmn1r78,Sgca,Gbp6,Scn1a,
Trcg1,Mmp7,Egflam,Cyp3a13,Hsd17b1,
Olfr155,Cdc20,Dsg1a,Nnmt,Bhlhe22,
Gm4922,Igfbp6,Dsg3,Lyve1,Fgf14,
Gm9871,Prom2,Diras2,Camk1d,4930546K05Rik,
Olfr461,Syngr1,S100a14,Fkbp11,Olfr679,
Pgr,Tnfrsf18,Col8a2,Gm4952,Hoxb7,
Olfr1115,4732491K20Rik,Sox8,Lrtm1,Egr2,
Arhgap33os,H3c1,Trim16,Rpl10,Vmn1r40,
Tmem221,Fhl3,Aldh3b2,Arntl,Miox,
Mir467f,Pdpn,Zfp385c,Myh11,Agrp,
Alx4,H2bc9,Cpa2,Slc22a27,Shisal1,
Gm11548,Mirt2,Klhl40,Pctp,Olfr1016,
Tmem116,Xirp2,4930579F01Rik,Synj2,Gm14164,
Prcd,Sfrp1,Pcdhb11,Ces1b,Fndc7,
Gm20753,Nos1,Atp6v1c2,Dio1,4833427F10Rik,
Tsks,Tmod2,Rnf223,Sult3a2,Arhgap15os,
Il27,Olfr1484,Aif1l,Hyi,Gm10637,
Vmn2r44,Nrap,Neurl1a,C4a,Trcg1,
Tm4sf5,Lrrc24,Smpx,Snora23,Olfr155,
Clhc1,Abca12,Cilp,Cdkn1a,Gm4922,
Col6a4,Pdxp,Alpk2,Apoa4,Gm9871,
Ccn6,Cfd,Klk14,Dpm3,Olfr461,
Vmn1r24,Adarb2,Plch2,Ahcy,Pgr,
Dmp1,Pnp2,Large2,Timm8b,Olfr1115,
Smc2os,Itgbl1,Snai3,Cyp2a22,Arhgap33os,
Olfr661,Wdr54,Art1,Elovl6,Tmem221,
Fxyd7,Ncam1,Kcna7,Upp2,Mir467f,
Zfp600,Sln,Asb5,Rpl35,Alx4,
Gabrr2,Myom2,Cd209b,Slc22a26,Gm11548,
Htr2a,Tppp3,Nipal4,Slco1a1,Olfr803,
Olfr856-ps1,Dync2li1,Scn4a,D630039A03Rik,Tmem116,
Snord73a,Tmem107,1700084E18Rik,Ccnd1,Rhag,
Cxcl2,Pnliprp1,Rspo1,Gde1,Prcd,
Stmn3,Ankrd2,Pnliprp2,Gm10319,Gm20753,
Gpr149,Ccne1,Slc29a2,Casp6,Tmod1,
Col19a1,Dtna,Aloxe3,Med21,Tsks,
Olfr1000,Kctd1,Plpp7,Gstp3,Il27,
Slc25a31,Gpr12,Itga11,Keg1,Tm4sf5,
A730020E08Rik,Actn2,Hspb2,Rab11fip4,Clhc1,
Serpinb9b,Plin1,Try5,Oasl1,Col6a4,
Efnb3,Il3ra,Cldn15,Ankrd55,Ccn6,
Gdf3,Sgcg,Myoc,Rpl22l1,Abra,
Prnd,Plcd1,Tgm3,Cd163,Vmn1r24,
Wfdc6a,Rbm24,Sh3rf2,Mgst3,Dmp1,
Nphp4,Map7d2,Sypl2,Cyp2r1,Smc2os,
4933427E11Rik,Ubd,Spata3,Hamp2,Olfr661,
Elavl2,Upk1b,Ctrb1,Prrg1,Fxyd7,
Vmn1r33,Acta1,Clec3b,Cyp3a41a,Zfp600,
Slc4a11,4933417D19Rik,Map3k9,Sel1l3,Gabrr2,
Npb,Pcdh20,Tacr2,Gadd45g,Htr2a,
Ssmem1,Gpr84,Fgfbp1,F830016B08Rik,Olfr856-ps1,
Olfr1303,Cd79a,Mlf1,Rpl26,Snord73a,
Olfr165,Sema3b,Dusp13,Tenm3,Cxcl2,
Olfr1535,Cidea,Slc35e4,Tsku,Stmn3,
Bex1,6030498E09Rik,Crip3,Erbb4,Gpr149,
Gm14393,Flnc,Adig,Eif4ebp3,Col19a1,
A930001A20Rik,Cand2,Pcdh19,Serpinb6a,Olfr1000,
Hpdl,Asf1b,Shisa4,Ces2c,Slc25a31,
Degs2,Chrnb1,Spint1,Gm7694,A730020E08Rik,
Ccdc92b,Fmn2,Snora52,Gstm3,Serpinb9b,
Rhox2a,Dmbt1,Serpinb12,Coa6,Efnb3,
B230323A14Rik,Cxcl13,Prr18,Plxnb1,Prnd,
Cd55b,Chil1,Olfr16,Rps29,Wfdc6a,
Fam24a,Ldb3,,Serpina1d,Nphp4,
Rell2,Rab26os,,Coq10b,4933427E11Rik,
Zic3,Kif1a,,Hexb,Elavl2,
Hsd3b6,Myh4,,Apcs,Vmn1r33,
Snord43,Cmya5,,Vnn3,Slc4a11,
Mir1938,Dok3,,Fabp4,Npb,
Cxcl15,Tmem119,,Rpl21,Ssmem1,
6030466F02Rik,Ctsk,,Lonrf3,Olfr1303,
Ltc4s,Meg3,,Angptl8,Olfr165,
Vxn,Morn4,,Tpm3,Olfr1535,
Mir1933,Hs3st6,,Slco1a4,Bex1,
Olfr1110,Plk5,,Serpina6,Gm14393,
Klf8,Reg2,,Rtn4rl1,A930001A20Rik,
Fam166b,Marveld3,,Nipal1,Hpdl,
Sorcs1,Ank1,,Neb,Degs2,
Nscme3l,Dcdc2b,,Slc25a4,Ccdc92b,
Vsx1,2900009J06Rik,,H2-Q7,Rhox2a,
Olfr1222,Gm8909,,Klhdc7a,B230323A14Rik,
Pnma8b,Myl6b,,Ndufb7,Cd55b,
Vmn1r65,Hcst,,Rpl35a,Fam24a,
Gm10787,Lmcd1,,Mup1,Rell2,
4933402D24Rik,Tnnc2,,Zfp982,Zic3,
Olfr655,Myh1,,H2-K2,Hsd3b6,
Tcp11,Sgcd,,Ndufs4,Snord43,
Mir181b-2,Eef1a2,,Hbb-bt,Mir1938,
Gm15421,Blk,,,Sfrp5,
Ccl17,Crygn,,,Cxcl15,
Glrp1,Shisa2,,,6030466F02Rik,
Tnni3,Gpnmb,,,4930432J09Rik,
G630093K05Rik,Tmc3,,,Ltc4s,
Olfr142,Slco5a1,,,Vxn,
Mmp13,Igdcc4,,,Mir1933,
2610206C17Rik,Crispld2,,,Olfr1110,
Morc1,Smim22,,,Klf8,
5330411J11Rik,5730435O14Rik,,,Fam166b,
Lrtm2,Cyp2c53-ps,,,Sorcs1,
Olfr229,Clip4,,,Nscme3l,
Oas1h,Card11,,,Vsx1,
Mir697,Atp5g2,,,Olfr1222,
Cenps,Obp2a,,,Pnma8b,
Tssk6,Klf4,,,Vmn1r65,
Nlrp9a,Perm1,,,Rhox5,
Dkk1,Tmem45a,,,Gm10787,
Rgcc,Ephb3,,,4933402D24Rik,
1700073E17Rik,Hsd17b3,,,Cubn,
Olfr447,Cenpm,,,Olfr655,
Arfgef3,Rnase2a,,,Tcp11,
Pex5l,Tnnc1,,,Mir181b-2,
Olfr313,,,,Ccl17,
Pglyrp1,,,,Glrp1,
4930578I06Rik,,,,Tnni3,
4921511I17Rik,,,,G630093K05Rik,
Tekt2,,,,Olfr142,
Fbxl13,,,,Mmp13,
Bend5,,,,2610206C17Rik,
Slc47a2,,,,Morc1,
Gpr27,,,,5330411J11Rik,
D6Ertd474e,,,,Lrtm2,
Olfr1240,,,,Olfr229,
Pnoc,,,,Oas1h,
Gpr45,,,,Mir697,
Crmp1,,,,Cenps,
2700069I18Rik,,,,Tssk6,
E330013P04Rik,,,,Nlrp9a,
Tunar,,,,B230214G05Rik,
Tmem92,,,,Dkk1,
St8sia2,,,,Rgcc,
Kcnk2,,,,1700073E17Rik,
Kcnd1,,,,Olfr447,
Mir124a-1hg,,,,Arfgef3,
Cryba4,,,,Pex5l,
1700003D09Rik,,,,Olfr313,
1700051A21Rik,,,,Pglyrp1,
Actl6b,,,,4930578I06Rik,
Olfr286,,,,4921511I17Rik,
Olfr441,,,,Tekt2,
Gm20758,,,,Fbxl13,
Slc6a2,,,,Bend5,
Hsf3,,,,Pof1b,
Kcnd2,,,,Trdn,
Olfr1106,,,,Slc47a2,
Tmem215,,,,Gpr27,
Ddx43,,,,Cabp2,
Fhl4,,,,D6Ertd474e,
Gm6249,,,,Olfr1240,
Olfr1039,,,,Pnoc,
Ildr1,,,,Gpr45,
Olfr702,,,,Crmp1,
Olfr1105,,,,2700069I18Rik,
Olfr642,,,,Cldn20,
Ccdc183,,,,E330013P04Rik,
Mir5119,,,,Tunar,
Stk32b,,,,Tmem92,
Tacr1,,,,St8sia2,
Tmprss7,,,,Kcnk2,
Wnt8a,,,,Kcnd1,
Klri1,,,,Mir124a-1hg,
Olfr982,,,,Cryba4,
Lhx9,,,,1700003D09Rik,
Gm5544,,,,1700051A21Rik,
4930533B01Rik,,,,Actl6b,
4930429D17Rik,,,,Slc36a2,
Ano2,,,,Olfr286,
Vmn2r83,,,,Olfr441,
Adgrg5,,,,Gm20758,
Slc45a1,,,,Slc6a2,
Fam181b,,,,Prtg,
Foxl2os,,,,Hsf3,
Olfr733,,,,Kcnd2,
Foxl3,,,,Olfr1106,
Vmn1r34,,,,Tmem215,
2900041M22Rik,,,,Ddx43,
Trpm5,,,,Fhl4,
Gm14015,,,,Gm6249,
Wdr17,,,,Olfr1039,
Cdh7,,,,Lrrn1,
Cd40lg,,,,Ildr1,
Scel,,,,Olfr702,
2310001K24Rik,,,,Olfr1105,
Fa2h,,,,Olfr642,
2010204K13Rik,,,,Ccdc183,
Vpreb1,,,,Mir5119,
Chga,,,,Stk32b,
Rhox4a,,,,Tacr1,
Trpv1,,,,Ccn5,
Spag6l,,,,Tmprss7,
Olfr1295,,,,Klhl38,
Aoc1,,,,Wnt8a,
Trim71,,,,Klri1,
Olfr305,,,,Lhx9,
Mir1960,,,,Gm5544,
Mettl24,,,,Tm4sf20,
5430427M07Rik,,,,4930429D17Rik,
1110006O24Rik,,,,Ano2,
Cxcl3,,,,Vmn2r83,
Olfr54,,,,Slc45a1,
Olfr742,,,,Fam181b,
Adam32,,,,Rbfox1,
Mei4,,,,Foxl2os,
Slc9a3,,,,Olfr733,
Fxyd4,,,,Foxl3,
Myo1h,,,,Vmn1r34,
Olfr1193,,,,2900041M22Rik,
H2bc22,,,,Tbx15,
Dlx1,,,,Trpm5,
C630028M04Rik,,,,Gm14015,
Capsl,,,,Cdh7,
Adora2b,,,,Cd40lg,
Gm5127,,,,Scel,
Mir23b,,,,2310001K24Rik,
Rims1,,,,Fa2h,
Cstad,,,,Cldn4,
Olfr584,,,,2010204K13Rik,
Teddm1a,,,,Vpreb1,
P2rx6,,,,Six1,
Actl7a,,,,Chga,
Chd5,,,,Trpv1,
Etv4,,,,Spag6l,
Prps1l1,,,,Olfr1295,
4933417O13Rik,,,,Aoc1,
Olfr1188,,,,Trim71,
Serinc4,,,,Olfr305,
Olfr805,,,,Mir1960,
1700113H08Rik,,,,Mettl24,
Crispld1,,,,5430427M07Rik,
Cyp2j8,,,,1110006O24Rik,
Robo3,,,,Cxcl3,
Vmn2r42,,,,Olfr54,
Syngr3,,,,Olfr742,
Olfr355,,,,Adam32,
Defb25,,,,Mei4,
Dynlt4,,,,Slc9a3,
Ramp3,,,,Fxyd4,
1700034K08Rik,,,,Myo1h,
Sapcd1,,,,Olfr1193,
Btnl1,,,,H2bc22,
Olfr788,,,,Dlx1,
Rasd2,,,,C630028M04Rik,
Dpf1,,,,Capsl,
Timp4,,,,Adora2b,
Mir3073a,,,,Gm5127,
Taar8c,,,,Mir23b,
Olfr1211,,,,Rims1,
Klrb1b,,,,Cstad,
Prrxl1,,,,Olfr584,
Gsta5,,,,Teddm1a,
Tagln3,,,,P2rx6,
Ptcra,,,,Actl7a,
Gm3716,,,,Chd5,
2810442N19Rik,,,,Etv4,
Il11,,,,Prps1l1,
Mir28a,,,,4933417O13Rik,
Nlrp5,,,,Olfr1188,
Gm15350,,,,Serinc4,
Tmeff1,,,,Olfr805,
Cdh15,,,,Arhgap20,
Tox2,,,,1700113H08Rik,
H2ac23,,,,Crispld1,
1700054A03Rik,,,,Cyp2j8,
Cacng4,,,,Robo3,
1700007P06Rik,,,,Vmn2r42,
7530416G11Rik,,,,Syngr3,
Gm13490,,,,Olfr355,
4930473A02Rik,,,,Defb25,
Psg29,,,,Dynlt4,
Cyp2b19,,,,Ramp3,
Syce3,,,,Pla2g4e,
Prdm8,,,,1700034K08Rik,
Olfr316,,,,Sapcd1,
Gm20743,,,,Btnl1,
Gm10584,,,,Olfr788,
Omp,,,,Rasd2,
Hoxc8,,,,Dpf1,
Dlx4,,,,Timp4,
4930426L09Rik,,,,Mir3073a,
Usp44,,,,Taar8c,
Kcns3,,,,Olfr1211,
Slc7a10,,,,Prrxl1,
4930483J18Rik,,,,Fabp3,
9130227L01Rik,,,,Gsta5,
9330175M20Rik,,,,Tagln3,
Vmn1r53,,,,Ptcra,
Tcp10c,,,,Gm3716,
Pde11a,,,,2810442N19Rik,
Nxph1,,,,Il11,
Ankrd22,,,,Mir28a,
Efs,,,,Nlrp5,
Fgf10,,,,Gm15350,
Igf2os,,,,Tmeff1,
Aanat,,,,Tox2,
1700046C09Rik,,,,H2ac23,
Olfr796,,,,1700054A03Rik,
Prkar1b,,,,Cacng4,
Ppp1r36,,,,1700007P06Rik,
Gm14379,,,,7530416G11Rik,
9530003J23Rik,,,,Kcnh3,
Avpr1b,,,,Gm13490,
2810029C07Rik,,,,4930473A02Rik,
Klc3,,,,Psg29,
4933417A18Rik,,,,Clcn1,
Akr1cl,,,,Cyp2b19,
Olfr118,,,,Syce3,
Cldn6,,,,Prdm8,
H2-T3,,,,Olfr316,
Dkk4,,,,Mcpt4,
Lrr1,,,,Gm20743,
E130218I03Rik,,,,Gm10584,
Mir421,,,,Gm6583,
Tnfsf8,,,,Omp,
Atp6v0a4,,,,Hoxc8,
Tlcd3b,,,,Dlx4,
Tbx21,,,,4930426L09Rik,
Fam50b,,,,Usp44,
Gata5os,,,,Rgma,
Dppa3,,,,Kcns3,
Hkdc1,,,,Slc7a10,
Mir599,,,,Myoz1,
Asz1,,,,4930483J18Rik,
Olfr774,,,,9130227L01Rik,
Olfr67,,,,9330175M20Rik,
Tmem217,,,,Vmn1r53,
Dnah9,,,,Tcp10c,
Olfr569,,,,Pde11a,
Spopfm2,,,,Nxph1,
Pla2g4c,,,,Ankrd22,
4933424G05Rik,,,,Efs,
Atp1a4,,,,Fgf10,
Rassf10,,,,Igf2os,
Gm5089,,,,Aanat,
2010106C02Rik,,,,1700046C09Rik,
4921513I03Rik,,,,Olfr796,
Klrb1f,,,,Gpx2,
Cnksr2,,,,Myl2,
Ctnna3,,,,Prkar1b,
Nefm,,,,Ppp1r36,
Il6,,,,Gm14379,
Abca17,,,,9530003J23Rik,
Pspn,,,,Mybpc2,
Cacng3,,,,Avpr1b,
Mir3075,,,,2810029C07Rik,
Zdbf2,,,,Klc3,
Gcnt3,,,,4933417A18Rik,
Pbx4,,,,Akr1cl,
Gm5820,,,,Clvs1,
Rhd,,,,Olfr118,
Acot5,,,,Cldn6,
Olfr1104,,,,H2-T3,
Celf6,,,,Calml3,
Clec18a,,,,Dkk4,
Olfr68,,,,Lrr1,
Tmem207,,,,E130218I03Rik,
Lpar3,,,,Irx3,
Olfr1199,,,,Mir421,
Slc28a2b,,,,Tnfsf8,
Olfr283,,,,Rpl3l,
Olfr1419,,,,Atp6v0a4,
Plch1,,,,Tlcd3b,
Vmn1r15,,,,Tbx21,
Barhl1,,,,Gm14207,
Olfr125,,,,Ankrd35,
Mapk10,,,,Fam50b,
Iqcd,,,,Ppp1r14c,
Gm5766,,,,Gata5os,
Vipr2,,,,Coro6,
Padi3,,,,Tcap,
Aadacl2fm1,,,,Dppa3,
1700031P21Rik,,,,Hkdc1,
Rbpjl,,,,Mir599,
Mgarp,,,,Asz1,
4933411E08Rik,,,,Olfr774,
Olfr172,,,,Olfr67,
Map6d1,,,,Tmem217,
Foxc2,,,,Dnah9,
4930507D05Rik,,,,Olfr569,
4930448K20Rik,,,,Spopfm2,
Mir5136,,,,Pla2g4c,
Hs6st2,,,,4933424G05Rik,
Bpifb1,,,,Atp1a4,
Ccdc136,,,,Rassf10,
Ptprq,,,,Gm5089,
Nlrp9c,,,,2010106C02Rik,
Opn4,,,,4921513I03Rik,
Lbx2,,,,Ccl11,
Hspb9,,,,Klrb1f,
2010310C07Rik,,,,Cnksr2,
Otx2os1,,,,Ctnna3,
Ly6g5b,,,,Nefm,
Ccdc85a,,,,Il6,
D330050G23Rik,,,,Abca17,
2900052N01Rik,,,,Pspn,
Gdap1,,,,Dsg1b,
Olfr700,,,,Cacng3,
9330182O14Rik,,,,Mir3075,
Olfr1281,,,,Zdbf2,
Ccr6,,,,Gcnt3,
Pwwp4c,,,,Pbx4,
Igflr1,,,,Gm5820,
Vmn2r58,,,,Rhd,
Avpr2,,,,Acot5,
Crnde,,,,Olfr1104,
Edil3,,,,Celf6,
Dazl,,,,Clec18a,
Olfr371,,,,Olfr68,
Mir3470b,,,,3425401B19Rik,
Scgb1c1,,,,Cela3b,
5330413P13Rik,,,,Tmem207,
Mir1b,,,,Lpar3,
Celf5,,,,Olfr1199,
Galr2,,,,Slc28a2b,
Eno4,,,,Olfr283,
Gjb6,,,,Olfr1419,
Hoxa4,,,,Plch1,
Cdh23,,,,Vmn1r15,
Gabrg3,,,,Barhl1,
Tas1r1,,,,Dusp27,
Apln,,,,Myo7b,
Mir15a,,,,Olfr125,
Gm10439,,,,Mapk10,
Olfr402,,,,Iqcd,
Mir3470a,,,,Gm5766,
Psd2,,,,Vipr2,
1700092M07Rik,,,,Padi3,
S100a2,,,,Lrrc2,
Necab3,,,,Aadacl2fm1,
Tedc1,,,,1700031P21Rik,
Slc4a5,,,,Rbpjl,
Gldn,,,,Mgarp,
Palm3,,,,4933411E08Rik,
Rubie,,,,Olfr172,
Ndrg4,,,,Map6d1,
Lin28b,,,,Foxc2,
Olfr1218,,,,4930507D05Rik,
Olfr1097,,,,4930448K20Rik,
Olfr541,,,,Mir5136,
Oprk1,,,,Hs6st2,
Tmem269,,,,Wfdc12,
Erfe,,,,Bpifb1,
Slc35f1,,,,Ccdc136,
Amph,,,,Ptprq,
Olfr571,,,,Nlrp9c,
Cerox1,,,,Opn4,
Olfr782,,,,Lbx2,
Gsdmcl-ps,,,,Hspb9,
Olfr312,,,,2010310C07Rik,
Sp9,,,,Otx2os1,
Mmp21,,,,Ly6g5b,
Cox4i2,,,,Ccdc85a,
Ptpn20,,,,D330050G23Rik,
Tbc1d22bos,,,,2900052N01Rik,
Il1rapl1,,,,Gdap1,
Tpo,,,,Olfr700,
Ltk,,,,9330182O14Rik,
Rab9b,,,,Olfr1281,
Olfr211,,,,Ccr6,
Oca2,,,,Fbp2,
Abca13,,,,Pwwp4c,
Il17f,,,,Vmn2r58,
Oacyl,,,,Avpr2,
Mir802,,,,Crnde,
Vmn1r199,,,,Edil3,
0610038B21Rik,,,,Dazl,
Prop1,,,,Olfr371,
Map3k7cl,,,,Tmem40,
1700093K21Rik,,,,Mir3470b,
1700009J07Rik,,,,Scgb1c1,
Gm16287,,,,5330413P13Rik,
Catsperg2,,,,Mir1b,
2610035F20Rik,,,,Celf5,
Tas2r137,,,,Galr2,
Phf21b,,,,Eno4,
Hoxa1,,,,Gjb6,
Vmn1r219,,,,Hoxa4,
Nos2,,,,Cdh23,
Rdh19,,,,Gabrg3,
Sult2b1,,,,Tas1r1,
Tafa3,,,,Apln,
Gm6567,,,,Mir15a,
B3galt5,,,,Esrp1,
Ptx3,,,,Gm10439,
5330439B14Rik,,,,Olfr402,
Tigd3,,,,Mir3470a,
Tmem132b,,,,Tnni1,
Eqtn,,,,Psd2,
C030034L19Rik,,,,1700092M07Rik,
Gm5934,,,,S100a2,
Ces1a,,,,Nlrp10,
Prss42,,,,Mab21l4,
1810007D17Rik,,,,Necab3,
Fez1,,,,Tedc1,
Jph3,,,,Slc4a5,
Samd3,,,,Gldn,
Cga,,,,Apobec2,
Emx2os,,,,Palm3,
Sema7a,,,,Rubie,
Olfr934,,,,Ndrg4,
Gm5441,,,,Lin28b,
Ggt1,,,,Olfr1218,
Serpinb10,,,,Olfr1097,
9530052E02Rik,,,,A230108P19Rik,
Mettl7a2,,,,Olfr541,
Rhox4d,,,,Oprk1,
1700019A02Rik,,,,Tmem269,
Cyp2j11,,,,Erfe,
Tspan1,,,,Slc35f1,
C130060C02Rik,,,,Spin2c,
Foxf2,,,,Amph,
Olfr1324,,,,Olfr571,
BC051142,,,,Cerox1,
Wfikkn2,,,,Olfr782,
Dctd,,,,Gsdmcl-ps,
9330179D12Rik,,,,Myot,
Olfr1137,,,,Mrgprf,
Pcnx2,,,,Olfr312,
Olfr1416,,,,Sp9,
Kcnb2,,,,Mmp21,
Fcer1a,,,,Cox4i2,
Glod5,,,,Ptpn20,
0610039K10Rik,,,,Tbc1d22bos,
1700120E14Rik,,,,Il1rapl1,
Mep1b,,,,Tpo,
Ptgs2,,,,Ltk,
Olfr889,,,,Rab9b,
Trem1,,,,Olfr211,
A930012L18Rik,,,,Oca2,
Slc10a6,,,,Abca13,
Nme9,,,,Il17f,
Steap1,,,,Oacyl,
Vmn2r78,,,,Mir802,
Snord16a,,,,Vmn1r199,
Mir677,,,,0610038B21Rik,
4930449E18Rik,,,,Prop1,
Rab15,,,,Map3k7cl,
4933413L06Rik,,,,1700093K21Rik,
Pla2g2c,,,,1700009J07Rik,
Cntd1,,,,Gm16287,
Pax3,,,,Catsperg2,
Olfr101,,,,2610035F20Rik,
Slc6a15,,,,Tas2r137,
Plb1,,,,Phf21b,
Tbx1,,,,Hoxa1,
Aldoart1,,,,Nos2,
Olfr372,,,,Rdh19,
Olfr1448,,,,Sult2b1,
Slc22a13b,,,,Tafa3,
Gm5547,,,,Gm6567,
Ltf,,,,B3galt5,
Gm10638,,,,Ptx3,
Gad2,,,,5330439B14Rik,
Ctla4,,,,Tigd3,
Miat,,,,Sh3bgr,
Zic5,,,,Tmem132b,
Tenm2,,,,Duox1,
Nr2e1,,,,Eqtn,
Trpc5,,,,C030034L19Rik,
Slc23a3,,,,Gm5934,
Otog,,,,Ces1a,
2010109A12Rik,,,,Prss42,
Hoxa7,,,,1810007D17Rik,
Tac4,,,,Fez1,
Elfn1,,,,Jph3,
Gm12657,,,,Samd3,
Kcnh1,,,,Tnni2,
Tbr1,,,,Cga,
Gm17359,,,,Emx2os,
Mab21l1,,,,Sema7a,
Snord37,,,,Olfr934,
Dytn,,,,Gm5441,
Clca3a2,,,,Ak1,
Cacna1g,,,,Ggt1,
Gpr85,,,,Sbsn,
1700029B22Rik,,,,Serpinb10,
Olfr837,,,,9530052E02Rik,
Cfap157,,,,Mettl7a2,
Gm4297,,,,Snora2b,
Serpina1f,,,,Rhox4d,
Gm973,,,,1700019A02Rik,
Olfr518,,,,Cyp2j11,
4930579K19Rik,,,,Tspan1,
Mir1932,,,,C130060C02Rik,
Olfr744,,,,Foxf2,
Capn9,,,,Olfr1324,
Snord35a,,,,BC051142,
Ptgir,,,,Wfikkn2,
Mrgprb1,,,,Dctd,
Tnfrsf25,,,,Ptgdr,
Atf7ip2,,,,Tmem169,
Gvin-ps5,,,,9330179D12Rik,
Ndp,,,,Olfr1137,
9030624G23Rik,,,,Pcnx2,
Erich3,,,,Olfr1416,
Dlx6os1,,,,Kcnb2,
Olfr732,,,,Fcer1a,
Mir365-2,,,,Glod5,
Vmn1r30,,,,Tmprss13,
Catsper3,,,,0610039K10Rik,
Mpl,,,,1700120E14Rik,
Cdh20,,,,Mok,
Usp43,,,,Mep1b,
4933429O19Rik,,,,Ptgs2,
Asic3,,,,Olfr889,
Olfr958,,,,Cavin4,
Slc45a2,,,,Trem1,
Mcpt8,,,,A930012L18Rik,
Gabrg1,,,,Slc10a6,
Tepp,,,,Nme9,
B020004C17Rik,,,,Rbm11,
Prap1,,,,Steap1,
Insl3,,,,Vmn2r78,
Cyp19a1,,,,Mir677,
Dnah6,,,,4930449E18Rik,
Snord72,,,,Rab15,
Olig3,,,,4933413L06Rik,
Col4a6,,,,Pla2g2c,
L1td1,,,,Cntd1,
Gm10556,,,,Cox8b,
Pramel4,,,,Pax3,
Fsd1,,,,Olfr101,
Kcnip1,,,,Slc6a15,
Efhb,,,,Plb1,
Esr2,,,,Tbx1,
Clec5a,,,,Aldoart1,
Olfr1404,,,,Olfr372,
Klra1,,,,Olfr69,
B3gnt4,,,,Olfr1448,
Baiap3,,,,Slc22a13b,
Klf17,,,,Ly6g6c,
Gm6592,,,,Jag2,
Fhl5,,,,Gm5547,
Olfr959,,,,Ltf,
Cntn6,,,,Gm10638,
Pcdhb15,,,,Gad2,
Olfr641,,,,Ctla4,
Fzd2,,,,Miat,
4930431P03Rik,,,,Zic5,
Tspo2,,,,Tenm2,
Slc22a12,,,,Nr2e1,
Klhl14,,,,Trpc5,
Kremen2,,,,Slc23a3,
Snord70,,,,Otog,
Pou1f1,,,,2010109A12Rik,
Zfp42,,,,Hoxa7,
Nek10,,,,Jph2,
H2ac12,,,,Tac4,
Plppr4,,,,Elfn1,
Zfp998,,,,Gm12657,
Ccdc103,,,,Kcnh1,
Eya1,,,,Tbr1,
Nron,,,,Bcas3os2,
Cacng8,,,,Gm17359,
Foxb1,,,,Mab21l1,
Calcr,,,,Snord37,
9130209A04Rik,,,,Dytn,
Dppa2,,,,Clca3a2,
Mup5,,,,Cacna1g,
Ano9,,,,Gpr85,
Tbx4,,,,1700029B22Rik,
Mroh8,,,,Olfr837,
Olfr1392,,,,Cfap157,
Ctnna2,,,,Myl3,
Dusp9,,,,Serpina1f,
Olfr622,,,,Gm973,
Aire,,,,Chl1,
Wdr20rt,,,,Olfr518,
Tinag,,,,4930579K19Rik,
Vps37d,,,,Mir1932,
Gm20594,,,,Olfr744,
D6Ertd527e,,,,Capn9,
Tex16,,,,Snord35a,
Olfr228,,,,Ptgir,
Nxnl2,,,,Mrgprb1,
Speer4b,,,,Tnfrsf25,
Gm21057,,,,Cers3,
Tbx3os2,,,,Atf7ip2,
Tmem150b,,,,Gvin-ps5,
Mir706,,,,Ndp,
Zmynd12,,,,9030624G23Rik,
Neurod6,,,,Dnm1,
Abhd16b,,,,Septin14,
Lrrc66,,,,Erich3,
Flicr,,,,Dlx6os1,
Gm11351,,,,Olfr732,
Cpne7,,,,Mir365-2,
Olfr141,,,,Myo18b,
Grin2d,,,,Vmn1r30,
Cyp2d11,,,,Catsper3,
Olfr921,,,,Mpl,
Tox3,,,,Cdh20,
Mogat2,,,,Usp43,
Hcn2,,,,4933429O19Rik,
1700108F19Rik,,,,Asic3,
Xlr4c,,,,Olfr958,
Smok4a,,,,Slc45a2,
AA388235,,,,Mcpt8,
Tgm5,,,,Gabrg1,
Fbxw21,,,,Tepp,
Wnt8b,,,,B020004C17Rik,
Pla2g10os,,,,Prap1,
Olfr1384,,,,Lrrd1,
Spock1,,,,Insl3,
5530401A14Rik,,,,Cyp19a1,
Nrtn,,,,Casq1,
1700003G18Rik,,,,Dnah6,
Olfr933,,,,Fndc9,
Msi1,,,,Snord72,
Plscr5,,,,Olig3,
Wfdc13,,,,L1td1,
Vmn1r215,,,,Gm10556,
Olfr551,,,,Pramel4,
H2ac11,,,,Fsd1,
Gm19299,,,,3200001D21Rik,
Olfr612,,,,Gdpd2,
Spef2,,,,Kcnip1,
Mfsd6l,,,,Efhb,
Scg5,,,,A630012P03Rik,
4930486I03Rik,,,,Esr2,
Olfr1087,,,,Clec5a,
Anks1b,,,,Olfr1404,
Has1,,,,Klra1,
Snord55,,,,Aqp3,
Vmn1r5,,,,B3gnt4,
Gm44502,,,,Klf17,
C86187,,,,Pkp1,
Nrg3,,,,Gm6592,
Vmn2r55,,,,Fhl5,
1700129C05Rik,,,,Asb11,
Insm1,,,,Olfr959,
Sv2a,,,,Cntn6,
Olfr160,,,,Pcdhb15,
Smim18,,,,Fzd2,
Vmn2r110,,,,4930431P03Rik,
Foxd2,,,,Tspo2,
Gfra4,,,,Slc22a12,
Ltb4r1,,,,Klhl14,
Ly6f,,,,Kremen2,
Tfap2c,,,,Snord70,
4930455H04Rik,,,,Lor,
Folr1,,,,Pou1f1,
Iqck,,,,Muc15,
Fam163b,,,,Zfp42,
4931431C16Rik,,,,Nek10,
Lrrc34,,,,Gm15612,
Olfr11,,,,H2ac12,
Olfr1090,,,,Plppr4,
Spata21,,,,Zfp998,
Il10,,,,Ccdc103,
Grin2c,,,,Eya1,
Pax1,,,,Lrrc75b,
Cdkn2b,,,,Nron,
Vmn1r59,,,,Cacng8,
Kif17,,,,Foxb1,
Tas2r135,,,,Calcr,
Mir1946b,,,,4933433G15Rik,
Chrna3,,,,9130209A04Rik,
Rab11fip4os1,,,,Dppa2,
Rasal1,,,,Mup5,
Twist2,,,,Ano9,
Hpcal4,,,,Tbx4,
Gm6498,,,,Mroh8,
Misp,,,,Olfr1392,
Olfr348,,,,Ctnna2,
Acsbg2,,,,Dusp9,
Gm11559,,,,Olfr622,
Prl2c2,,,,Wdr20rt,
Impg1,,,,Gm6614,
Stmn2,,,,Tinag,
Ptn,,,,Vps37d,
Olfr1273-ps,,,,Gm20594,
Olfr12,,,,D6Ertd527e,
Catsperz,,,,Tex16,
Vmn1r237,,,,Myl1,
T2,,,,Olfr228,
Spag16,,,,Nxnl2,
Olfr777,,,,Speer4b,
Rps6ka6,,,,Prss2,
Ubxn10,,,,Gm21057,
Nhlh2,,,,Tbx3os2,
Gm9733,,,,Tmem150b,
A930041C12Rik,,,,Mir706,
Fstl4,,,,Zmynd12,
Aox2,,,,Neurod6,
Olfr120,,,,Abhd16b,
Cntnap4,,,,Kcnk1,
Kcns1,,,,Lrrc66,
Gm10814,,,,Flicr,
Rhox4b,,,,Gm11351,
Cfap44,,,,Myh2,
Gm4961,,,,Olfr141,
Rpp25,,,,Grin2d,
Mycbpap,,,,Tox3,
Atp6v1g3,,,,4921536K21Rik,
Tshr,,,,Hcn2,
4930401C15Rik,,,,1700108F19Rik,
D130009I18Rik,,,,Car11,
Mpig6b,,,,Xlr4c,
Klrb1a,,,,Car12,
Fam205c,,,,Smok4a,
Olfr813,,,,AA388235,
Slc5a12,,,,Tgm5,
Adat3,,,,Osr1,
0610040F04Rik,,,,Fbxw21,
Gm2109,,,,Wnt8b,
Gm14718,,,,Pla2g10os,
Olfr288,,,,Mutyh,
Olfr339,,,,Olfr1384,
Fam189a1,,,,Spock1,
Epha10,,,,5530401A14Rik,
Lhx5,,,,Nrtn,
Kcnmb4,,,,1700003G18Rik,
Oprd1,,,,Olfr933,
Dsc3,,,,Bves,
Mgl2,,,,Msi1,
Pcdhb6,,,,Plscr5,
Prph,,,,Wfdc13,
Potefam3e,,,,Myoz2,
Vmn2r77,,,,Vmn1r215,
Smok3a,,,,Olfr551,
Tnk1,,,,Gm19299,
Tmem262,,,,Hspb7,
Nalf1,,,,Olfr612,
Slc30a8,,,,Crhr2,
Snord53,,,,Spef2,
Plxnb3,,,,Trim15,
Tmem132c,,,,Mfsd6l,
Cnr1,,,,Scg5,
Kcne4,,,,Pinc,
Gm5622,,,,4930486I03Rik,
Muc4,,,,Olfr1087,
1700026F02Rik,,,,Anks1b,
Rbm3os,,,,Mylk2,
Fstl3,,,,Has1,
Gm5136,,,,Sncg,
Stac2,,,,Snord55,
Vmn1r31,,,,Vmn1r5,
4933440M02Rik,,,,Gm44502,
Olfr477,,,,C86187,
Rnu11,,,,Nrg3,
Fbxw10,,,,Slurp1,
Elane,,,,Kcna1,
Syt17,,,,Apod,
Rps15a-ps6,,,,Vmn2r55,
Vmn1r220,,,,1700129C05Rik,
Fam166a,,,,Insm1,
Olfr448,,,,Smim18,
4931420L22Rik,,,,Vmn2r110,
Trim69,,,,Foxd2,
Lcn8,,,,Gfra4,
Gm11517,,,,Ltb4r1,
Ak5,,,,Ly6f,
Stfa2l1,,,,Tfap2c,
6330409D20Rik,,,,4930455H04Rik,
Optc,,,,Folr1,
Tmem236,,,,Iqck,
Ephb1,,,,Fam163b,
Ccl4,,,,4931431C16Rik,
Fbxo27,,,,Lrrc34,
Pnck,,,,Olfr11,
Tcp10b,,,,Olfr1090,
Snord85,,,,Mb,
Tmem158,,,,Spata21,
2310068J16Rik,,,,Atp1b2,
Zfp365,,,,Il10,
Scarna8,,,,Pax1,
Ppp2r2b,,,,Cdkn2b,
Vmn1r2,,,,Olfr1263,
Ttc16,,,,Vmn1r59,
9630028B13Rik,,,,Kif17,
Ggn,,,,Tas2r135,
Dao,,,,Mir1946b,
Scpep1os,,,,Chrna3,
H3c4,,,,Rab11fip4os1,
Cdh16,,,,Rasal1,
Gm11426,,,,Trim72,
Slco1c1,,,,Twist2,
Grid2ip,,,,Hpcal4,
Sertad4,,,,Gm6498,
Pet117,,,,Arhgef28,
Ffar4,,,,Stac3,
E030044B06Rik,,,,Olfr348,
Reg4,,,,Actg2,
Selenov,,,,Acsbg2,
Olfr750,,,,Gm11559,
Olfr1274,,,,Prl2c2,
Kif27,,,,Mlip,
Olfr714,,,,Impg1,
Fut9,,,,Stmn2,
Dnali1,,,,Ptn,
Olfr115,,,,Olfr1273-ps,
Pak3,,,,Olfr12,
Gm15328,,,,Catsperz,
Kcnmb2,,,,Vmn1r237,
Gm16894,,,,T2,
Mir1931,,,,Spag16,
Olfr1351,,,,Cpa3,
Slc6a5,,,,Olfr777,
Cyp26c1,,,,Rps6ka6,
Slc5a8,,,,Ubxn10,
Igsf21,,,,Nhlh2,
Arl9,,,,Gm9733,
Pramel5,,,,A930041C12Rik,
Olfr259,,,,Prl7d1,
Fzd10os,,,,Fstl4,
Mucl1,,,,Aox2,
Tubb4a,,,,Olfr120,
Ddx4,,,,Cntnap4,
Slc13a2os,,,,Kcns1,
Gcm1,,,,Gm10814,
Gm5069,,,,Rhox4b,
Hmgcll1,,,,Cfap44,
Gpr83,,,,Epn3,
Rtn4rl2,,,,Gpr151,
Tmem74,,,,Gm4961,
Olfr1512,,,,Rpp25,
Samd7,,,,Mycbpap,
Mir3058,,,,Atp6v1g3,
1700015G11Rik,,,,Tshr,
BC037032,,,,4930401C15Rik,
Rprl2,,,,D130009I18Rik,
4930548G14Rik,,,,Mpig6b,
Tmem181c-ps,,,,Klrb1a,
Zfp575,,,,Fam205c,
Oprm1,,,,Slc5a12,
9230009I02Rik,,,,Adat3,
Kcna3,,,,Col7a1,
Scgb3a1,,,,0610040F04Rik,
Nphs1,,,,Gm2109,
Kcnj9,,,,Olfr288,
Lhx4,,,,Olfr339,
Dgkb,,,,Fam189a1,
Sit1,,,,Epha10,
Olfr670,,,,Lhx5,
Gm10941,,,,Kcnmb4,
Mcidas,,,,Oprd1,
H2al1m,,,,Dsc3,
Lexm,,,,Mgl2,
Cyp11b1,,,,Chrdl2,
Spink1,,,,Pcdhb6,
Ctxn1,,,,Sfrp4,
Sycp2,,,,Prph,
Dio2,,,,Potefam3e,
Opn1sw,,,,Vmn2r77,
Arhgap8,,,,Mybpc1,
Gprc5a,,,,Smok3a,
Prss43,,,,Tnk1,
Dmc1,,,,Tmem262,
Gm6150,,,,Nalf1,
Phyhip,,,,Slc30a8,
Slc5a11,,,,Snord53,
Plut,,,,Tmem132c,
Chst9,,,,Serpinb2,
Gm6639,,,,Cnr1,
Trim43a,,,,Gm5622,
Slc1a7,,,,Muc4,
Olfr78,,,,1700026F02Rik,
Olfr597,,,,Rbm3os,
Tubb2b,,,,Fstl3,
Klrg1,,,,Gm5136,
Uncx,,,,Stac2,
1810018F18Rik,,,,Vmn1r31,
Hapln3,,,,4933440M02Rik,
Ccl22,,,,Olfr477,
Olfr1055,,,,Rnu11,
Gm2897,,,,Fbxw10,
Mir3060,,,,Prrt3,
A930009A15Rik,,,,Elane,
Gja10,,,,Sec14l5,
Smpd5,,,,Syt17,
Hdgfl1,,,,Rps15a-ps6,
4930483O08Rik,,,,Vmn1r220,
Mirg,,,,Ckmt1,
Dnajc6,,,,Fam166a,
Olfr1443,,,,3110009F21Rik,
Mirlet7a-2,,,,Olfr448,
Fam186b,,,,4931420L22Rik,
Frmd3,,,,Trim69,
Nrk,,,,Lcn8,
Zic4,,,,Gm11517,
Ccr4,,,,Ak5,
Olfr33,,,,Stfa2l1,
Myocd,,,,6330409D20Rik,
St6galnac5,,,,Optc,
Olfr1342,,,,Tmem236,
4930509J09Rik,,,,Ephb1,
1700020M21Rik,,,,Ccl4,
1700110K17Rik,,,,Fbxo27,
Rph3a,,,,Pnck,
Grin2a,,,,Tcp10b,
Ccdc180,,,,Tmem158,
Usp17lc,,,,2310068J16Rik,
Pla2g10,,,,Zfp365,
Bend6,,,,Ppp2r2b,
Angpt4,,,,Vmn1r2,
Ttll2,,,,Ttc16,
Bhlha15,,,,9630028B13Rik,
Slc24a1,,,,Ggn,
Vmn1r200,,,,Dao,
Hydin,,,,Scpep1os,
Olfr295,,,,Cdh16,
Tnfrsf4,,,,Gm11426,
Zar1,,,,Slco1c1,
4930529C04Rik,,,,Grid2ip,
Izumo1r,,,,Sertad4,
Xkr4,,,,Pet117,
St6galnac1,,,,Ffar4,
Olfr99,,,,Nmb,
1700054M17Rik,,,,E030044B06Rik,
Olfr727,,,,Reg4,
Myo3b,,,,Selenov,
Khdc1b,,,,Olfr750,
Bcan,,,,Olfr620,
Mc5r,,,,Olfr1274,
Sema3g,,,,Kif27,
Gsdmc2,,,,Fut9,
H2ac7,,,,Dnali1,
Stpg1,,,,Olfr115,
Sptbn4,,,,Pak3,
Sult2a4,,,,Kcnmb2,
Slc9b1,,,,Gm16894,
Csn1s1,,,,Mir1931,
Gpr26,,,,Olfr1351,
Pantr1,,,,Slc6a5,
Slain1os,,,,Cyp26c1,
Rhox4f,,,,Fgf3,
Snord71,,,,Slc5a8,
Kcnk7,,,,Igsf21,
Olfr361,,,,Arl9,
Fam71d,,,,Pramel5,
Gm19510,,,,Olfr259,
Fgf6,,,,Fzd10os,
Hpse2,,,,Mucl1,
Pabpc5,,,,Tubb4a,
9630028H03Rik,,,,Ddx4,
Vmn1r63,,,,Slc13a2os,
Zfp936,,,,Gcm1,
9530051G07Rik,,,,Gm5069,
Snord47,,,,Hmgcll1,
Fam217a,,,,Gpr83,
Csn2,,,,Rtn4rl2,
1810006J02Rik,,,,Tmem74,
4930447A16Rik,,,,Olfr1512,
Gm9899,,,,Samd7,
Cited4,,,,Mir3058,
H1f6,,,,1700015G11Rik,
Olfr970,,,,BC037032,
4930448C13Rik,,,,Rprl2,
Ttll10,,,,Tnnt3,
Olfr855,,,,4930548G14Rik,
Prmt8,,,,Tmem181c-ps,
Gad1,,,,Cspg4,
Mab21l3,,,,Zfp575,
Serpinb1b,,,,Oprm1,
Scd4,,,,9230009I02Rik,
Prrt2,,,,Kcna3,
Olfr591,,,,Scgb3a1,
Mnd1-ps,,,,Nphs1,
Zdhhc19,,,,Kcnj9,
4930448I06Rik,,,,Dgkb,
Shd,,,,Sit1,
Mrgprx2,,,,Olfr670,
Snord88c,,,,Gm10941,
Olfr873,,,,Cnih3,
Olfr123,,,,Mcidas,
Gm6034,,,,H2al1m,
Ier5l,,,,Lexm,
Clnk,,,,Cyp11b1,
Atp13a4,,,,Spink1,
4930550C14Rik,,,,Ctxn1,
Tas2r108,,,,Sycp2,
Olfr878,,,,Dio2,
Sim1,,,,Opn1sw,
Igsf1,,,,Arhgap8,
Pramel34,,,,Gprc5a,
Ankmy1,,,,Prss43,
Pdcd1lg2,,,,Dmc1,
Pnma2,,,,Gm6150,
4930599N23Rik,,,,Phyhip,
Zmynd10,,,,Slc5a11,
Trpc4,,,,Plut,
Lpar5,,,,Chst9,
2900079G21Rik,,,,Gm6639,
Alms1-ps2,,,,Trim43a,
Lhfpl5,,,,Cma1,
Gm10857,,,,Slc1a7,
Lrrc69,,,,Olfr78,
Slc6a18,,,,Olfr597,
Apol7d,,,,Tubb2b,
Lrrc73,,,,Cyct,
Gp5,,,,Klrg1,
Meox2,,,,Uncx,
Klra4,,,,1810018F18Rik,
Kcnn3,,,,Hapln3,
Serpinb7,,,,Ccl22,
Tmprss9,,,,Olfr1055,
5730460C07Rik,,,,Olfr152,
E130018N17Rik,,,,Aox4,
Cd209d,,,,Tubg2,
Trim66,,,,Gm2897,
Olfr390,,,,Mir3060,
Shisa6,,,,A930009A15Rik,
Rhox4c,,,,Gja10,
Car9,,,,Smpd5,
Olfr983,,,,Hdgfl1,
Rbm46os,,,,4930483O08Rik,
Olfr961,,,,Mirg,
1700028J19Rik,,,,Dnajc6,
Olfr1161,,,,Olfr1443,
Olfr881,,,,Mirlet7a-2,
Adamts16,,,,Fam186b,
Nsg2,,,,Frmd3,
Coch,,,,Nrk,
4921515E04Rik,,,,Zic4,
Cd101,,,,Ccr4,
4932438H23Rik,,,,Olfr33,
Tssk2,,,,Myocd,
Trank1,,,,Dnmt3aos,
Tslp,,,,St6galnac5,
Ms4a2,,,,Olfr1342,
Bfsp1,,,,4930509J09Rik,
Vmn1r66,,,,1700020M21Rik,
2010308F09Rik,,,,Bicdl2,
1700057G04Rik,,,,1700110K17Rik,
Olfr30,,,,Rph3a,
Cyp2ab1,,,,Grin2a,
Sftpb,,,,Ccdc180,
Olfr703,,,,Usp17lc,
Olfr129,,,,Pla2g10,
Gm5741,,,,Angpt4,
Depdc1b,,,,Ttll2,
Nupl1,,,,Amy2b,
Olfr808,,,,Slc24a1,
Tex15,,,,Olfr506,
Cct8l1,,,,Vmn1r200,
Oxt,,,,Hydin,
Rnf148,,,,Olfr295,
Sstr3,,,,Zar1,
7420700N18Rik,,,,Ucp3,
Gm44505,,,,4930529C04Rik,
Ostn,,,,Izumo1r,
Zim3,,,,Xkr4,
Gm14858,,,,St6galnac1,
B230312C02Rik,,,,1700054M17Rik,
Vdr,,,,Olfr727,
Gpr150,,,,Myo3b,
Asic2,,,,Khdc1b,
Adamts8,,,,Bcan,
H2ac8,,,,Mc5r,
Olfr273,,,,Sema3g,
Potefam3a,,,,Gsdmc2,
Susd3,,,,4930562C15Rik,
Iqub,,,,Stpg1,
Amhr2,,,,Sptbn4,
Efcab1,,,,Tssk1,
Olfr384,,,,Slc9b1,
Olfr427,,,,Csn1s1,
Ap1m2,,,,Gpr26,
Gm19782,,,,Pantr1,
Slc7a3,,,,Slain1os,
Gm19784,,,,Rhox4f,
Akr1c18,,,,Snord71,
Platr21,,,,Kcnk7,
Csn1s2b,,,,Olfr361,
Kcnt1,,,,Fam71d,
Golga7b,,,,Gm19510,
Gm4926,,,,Fgf6,
Gpc5,,,,Hpse2,
1700001K23Rik,,,,Pabpc5,
Mypn,,,,9630028H03Rik,
AA536875,,,,Vmn1r63,
Cabp5,,,,Zfp936,
Lypd6b,,,,Usp13,
Stoml3,,,,9530051G07Rik,
Ezhip,,,,Fam217a,
Cacna1i,,,,Kiss1r,
Hrct1,,,,Csn2,
Gm20554,,,,1810006J02Rik,
2310034G01Rik,,,,4930447A16Rik,
Gm3086,,,,Gm9899,
Efna2,,,,Cited4,
Rbp7,,,,H1f6,
Olfr809,,,,Olfr970,
1600029O15Rik,,,,4930448C13Rik,
Wfdc15b,,,,Ttll10,
Lgi3,,,,Olfr855,
Cadm2,,,,Prmt8,
Rhbdl2,,,,Gad1,
Irs3,,,,Mab21l3,
Dnaaf3,,,,Matn4,
Alx1,,,,Serpinb1b,
Stk32a,,,,Prrt2,
Tmem95,,,,Olfr591,
Tff1,,,,Mnd1-ps,
Lyzl4,,,,Zdhhc19,
Ifna16,,,,4930448I06Rik,
Mak,,,,Shd,
Fut7,,,,Eomes,
Olfr1501,,,,Mrgprx2,
Fgf8,,,,Snord88c,
Tmc1,,,,Olfr873,
Tph1,,,,Olfr123,
Gpr173,,,,Gm6034,
Olfr1290,,,,Ier5l,
Gfi1,,,,Clnk,
Pabpc1l,,,,Atp13a4,
Kel,,,,4930550C14Rik,
9030204H09Rik,,,,Tas2r108,
H2ac22,,,,Olfr878,
Cacna1b,,,,Sim1,
Gpr179,,,,Igsf1,
Olfr1428,,,,Pramel34,
Xrra1,,,,Ankmy1,
Adra2a,,,,Pdcd1lg2,
Dnah1,,,,Pnma2,
Upk1a,,,,Zmynd10,
Epp13,,,,Asb14,
Htr7,,,,Trpc4,
Dpysl4,,,,Lpar5,
Avil,,,,2900079G21Rik,
D030024E09Rik,,,,Alms1-ps2,
Sele,,,,Casq2,
Htr1d,,,,Lhfpl5,
C230035I16Rik,,,,Gm10857,
Olfr698,,,,Lrrc69,
Gm5833,,,,Slc6a18,
Tubal3,,,,Apol7d,
Olfr741,,,,Lrrc73,
H3c8,,,,Gp5,
Izumo1,,,,Meox2,
Cacna1h,,,,Kcnn3,
Gm5129,,,,Serpinb7,
Pramel25,,,,Tmprss9,
Vil1,,,,5730460C07Rik,
P2rx1,,,,E130018N17Rik,
Galnt9,,,,Cd209d,
Rnft2,,,,Ano5,
Olfr1507,,,,AF357399,
Gm13582,,,,Tmem45a2,
Mir1955,,,,Trim66,
2010009K17Rik,,,,Olfr390,
Olfr1012,,,,Shisa6,
Spatc1l,,,,Krt222,
Klra3,,,,Rhox4c,
Gabrp,,,,Actn3,
Baalc,,,,Car9,
C1qtnf4,,,,Olfr983,
B4galnt2,,,,Rbm46os,
4933430I17Rik,,,,Olfr961,
Vmn1r54,,,,1700028J19Rik,
Olfr110,,,,Acsbg1,
Olfr1357,,,,Olfr1161,
Vmn2r121,,,,Olfr881,
Lypd6,,,,Adamts16,
Npm2,,,,Nsg2,
Kcnd3,,,,Coch,
Mro,,,,4921515E04Rik,
Chrnd,,,,Cd101,
Kcna4,,,,4932438H23Rik,
Lrrc4b,,,,Lhx1,
Rtl3,,,,Tssk2,
Mboat4,,,,Trank1,
Mup4,,,,Tslp,
Olfr430,,,,Ms4a2,
Olfr763,,,,Bfsp1,
Olfr224,,,,Vmn1r66,
Cacna2d2,,,,2010308F09Rik,
4930583K01Rik,,,,1700057G04Rik,
Slain1,,,,Olfr30,
Klhl1,,,,Cyp2ab1,
Tram1l1,,,,Sftpb,
Gal3st3,,,,Olfr703,
Gm17751,,,,Nrg2,
Olfr576,,,,Alox15,
Nrcam,,,,Olfr129,
Ttll9,,,,Cnksr1,
Tdrd12,,,,Ppil6,
Olfr1469,,,,Lrrc17,
Mmp24,,,,Gm5741,
Bcl2l14,,,,Snord91a,
Olfr463,,,,Depdc1b,
4930524O05Rik,,,,Nupl1,
Skint7,,,,Dmrt2,
Syt2,,,,Olfr808,
Rhox4g,,,,Tex15,
Rnase10,,,,Cct8l1,
Olfr130,,,,Oxt,
Gm12886,,,,Nwd1,
Serpina3j,,,,Rnf148,
Tssk4,,,,Sstr3,
Slc22a8,,,,Fam163a,
Btbd16,,,,Prr33,
Il4,,,,7420700N18Rik,
Zmat4,,,,Ostn,
Wnt16,,,,Zim3,
Rab39b,,,,Gm14858,
Ccr10,,,,B230312C02Rik,
5430421F17Rik,,,,Vdr,
Tmem117,,,,Gpr150,
Il2,,,,Asic2,
Nudt10,,,,Adamts8,
1700028D13Rik,,,,H2ac8,
Efcab5,,,,Fam83e,
Sp6,,,,Nlrp9b,
Olfr1389,,,,Adgrf2,
Chrng,,,,Rnase1,
Fndc8,,,,Olfr273,
Cxcl17,,,,Potefam3a,
Olfr307,,,,Mapk13,
Acp4,,,,Iqub,
Celsr3,,,,Amhr2,
Nhlrc4,,,,Efcab1,
Wscd2,,,,Xirp2,
Neurod2,,,,4833419F23Rik,
Mir875,,,,Olfr384,
Trim46,,,,Olfr427,
Gm10549,,,,Ap1m2,
Zfp652os,,,,Gm19782,
Ccl8,,,,Slc7a3,
Olfr918,,,,Gm19784,
9830107B12Rik,,,,Akr1c18,
Olfr308,,,,Platr21,
Slc6a7,,,,Csn1s2b,
Lenep,,,,Kcnt1,
Gm13547,,,,Golga7b,
Piwil1,,,,Gm4926,
A330041J22Rik,,,,Gpc5,
1700110C19Rik,,,,1700001K23Rik,
5830418P13Rik,,,,Mypn,
Add2,,,,AA536875,
Frem3,,,,Srcin1,
Olfr1477,,,,Cabp5,
Arhgap27os3,,,,Lypd6b,
Olfr658,,,,Stoml3,
Six3,,,,Ezhip,
Lin28a,,,,Gm20554,
Olfr71,,,,2310034G01Rik,
Gm20757,,,,Gm3086,
Olfr776,,,,Pvalb,
Snora69,,,,Efna2,
Adamts17,,,,Rbp7,
Pcdhb13,,,,Olfr809,
Slc5a2,,,,1600029O15Rik,
Insm2,,,,Wfdc15b,
Tnfaip6,,,,Lgi3,
4930583P06Rik,,,,Cadm2,
Otp,,,,Bex4,
Ces2d-ps,,,,Rhbdl2,
Frs3os,,,,Irs3,
Ppp2r2c,,,,Dnaaf3,
Cltrn,,,,Alx1,
Ccdc92,,,,Stk32a,
Fmo6,,,,Tmem95,
Prkcg,,,,Tff1,
Lyz1,,,,Ifna16,
Prrt1,,,,Mak,
Pramel21,,,,Fut7,
Padi4,,,,Olfr1501,
Aplp1,,,,Fgf8,
Olfr24,,,,Tmc1,
Pcdhb4,,,,Tph1,
2810032G03Rik,,,,Gpr173,
Tmem35a,,,,Retnla,
Sis,,,,Olfr1290,
Slfn5os,,,,Gfi1,
Ppef2,,,,Pabpc1l,
Liph,,,,Kel,
Trim10,,,,9030204H09Rik,
Ccdc7b,,,,H2ac22,
Slit1,,,,Cacna1b,
Grm6,,,,Gpr179,
Zcchc18,,,,Xrra1,
Pou6f2,,,,Adra2a,
Gpc2,,,,BC107364,
Fxyd2,,,,Upk1a,
Olfr9,,,,Epp13,
1700102P08Rik,,,,Tmem182,
Vmn1r52,,,,Htr7,
Dio3,,,,Dpysl4,
Cts8,,,,Avil,
Gm12238,,,,Fgf7,
1700121L16Rik,,,,D030024E09Rik,
Olfr1259,,,,Sele,
Abca14,,,,Htr1d,
Ppp1r1c,,,,C230035I16Rik,
Pcdhb10,,,,Olfr698,
Fgf5,,,,Gm5833,
Qrfp,,,,Tubal3,
Mybpc3,,,,Olfr741,
Olfr314,,,,Creb3l4,
H2ac13,,,,Reg1,
Mir186,,,,Izumo1,
Ebf2,,,,Cacna1h,
Csn3,,,,Gm5129,
Dll3,,,,Pramel25,
Snord23,,,,Vil1,
Mir5098,,,,P2rx1,
Slc6a20a,,,,Galnt9,
4930405A10Rik,,,,Sprr1a,
Olfr816,,,,Rnft2,
Adgrg7,,,,Olfr1507,
Efhd1,,,,Gm13582,
Krt17,,,,Mir1955,
Mir687,,,,2010009K17Rik,
Syngr4,,,,Olfr1012,
Olfr5,,,,Spatc1l,
Grpr,,,,Klra3,
Sema4f,,,,Gabrp,
Olfr1047,,,,Baalc,
BC016579,,,,C1qtnf4,
S100b,,,,B4galnt2,
Vmn1r167,,,,4933430I17Rik,
Spink4,,,,Vmn1r54,
Slc38a5,,,,Olfr110,
Ctrcos,,,,Olfr1357,
Vmn1r71,,,,Vmn2r121,
Zpbp,,,,Lypd6,
Gm5420,,,,Npm2,
Cdkn2a,,,,Kcnd3,
Adam21,,,,Mro,
Gm5084,,,,Mmp3,
H2-Oa,,,,Chrnd,
Hpca,,,,Kcna4,
Plekhg4,,,,Lrrc4b,
4932441J04Rik,,,,Rtl3,
Olfr697,,,,Mboat4,
Insrr,,,,Mup4,
2810408A11Rik,,,,Olfr430,
Cnga1,,,,Olfr763,
Nox1,,,,Olfr224,
Pcdhb12,,,,Cacna2d2,
Gucy2e,,,,4930583K01Rik,
Itgad,,,,Slain1,
Tyr,,,,Klhl1,
4930404N11Rik,,,,Tram1l1,
Acss2os,,,,Gal3st3,
Msx2,,,,Gm17751,
Tfap2e,,,,Traip,
A630095N17Rik,,,,Il1r2,
Pdxk-ps,,,,Olfr576,
Gpr156,,,,Nrcam,
Stc1,,,,Ttll9,
Gm20362,,,,Tdrd12,
H2ac15,,,,Olfr1469,
Glycam1,,,,Mmp24,
Nme5,,,,Slc28a3,
Greb1,,,,Olfr463,
Snora65,,,,4930524O05Rik,
Rcor2,,,,Skint7,
Gm7102,,,,Syt2,
Riiad1,,,,Rhox4g,
Syndig1l,,,,Rnase10,
Htr3b,,,,Olfr130,
Neu4,,,,Gm12886,
Olfr678,,,,Serpina3j,
Tectb,,,,Tssk4,
Lvrn,,,,Gm9961,
Ssxb2,,,,Slc22a8,
Krt35,,,,Btbd16,
Gng3,,,,Il4,
Olfr1431,,,,Zmat4,
Fbxo48,,,,Wnt16,
Olfr1256,,,,Rab39b,
4930488B22Rik,,,,Ccr10,
Mfap2,,,,5430421F17Rik,
Idi2,,,,Tmem117,
AI593442,,,,Il2,
Efcab9,,,,Nudt10,
Mkrn3,,,,1700028D13Rik,
Arnt2,,,,Efcab5,
Hus1b,,,,Sp6,
E330021D16Rik,,,,Chrng,
Olfr453,,,,Fndc8,
Zfp735,,,,Cxcl17,
Grik1,,,,Olfr307,
A430093F15Rik,,,,Acp4,
BC051019,,,,Vmn1r210,
Ager,,,,Celsr3,
Gm15850,,,,Nhlrc4,
9530036O11Rik,,,,Wscd2,
Arhgef38,,,,Sln,
Hoxb9,,,,Try4,
Adam24,,,,Myom2,
Mir378b,,,,Neurod2,
Map7d3,,,,Tppp3,
Tdgf1,,,,Mir875,
Kcng2,,,,Trim46,
Gpr75,,,,Gm10549,
4930593C16Rik,,,,Zfp652os,
Fbxo43,,,,Ccl8,
Vmn1r223,,,,Pnliprp1,
Egr3,,,,9830107B12Rik,
Snx31,,,,Olfr308,
Olfr681,,,,Slc6a7,
Terb1,,,,Lenep,
Fbxw20,,,,Gm13547,
Sertm1,,,,Piwil1,
Gm12505,,,,Ccn3,
Gpr1,,,,A330041J22Rik,
Macroh2a3,,,,1700110C19Rik,
Emid1,,,,1700028B04Rik,
Chn1,,,,5830418P13Rik,
1700016D06Rik,,,,Add2,
Ceacam3,,,,Frem3,
Sdr16c5,,,,Olfr1477,
4933406J10Rik,,,,Acsl6,
Smco1,,,,Arhgap27os3,
Zfp296,,,,Olfr658,
Trnp1,,,,Six3,
Tff2,,,,Lin28a,
Fgf23,,,,Olfr71,
Vip,,,,Gm20757,
Tmc5,,,,Olfr776,
G630055G22Rik,,,,Adamts17,
4930563M21Rik,,,,Pcdhb13,
Gm16796,,,,Slc5a2,
Rrad,,,,Sdcbp2,
Rex2,,,,Insm2,
Xkr5,,,,Tnfaip6,
Olfr1500,,,,Endou,
Muc5b,,,,4930583P06Rik,
Slc6a21,,,,Otp,
Pcdhb5,,,,Ces2d-ps,
Ect2l,,,,Frs3os,
Clec12b,,,,Ppp2r2c,
Cdk3,,,,Cltrn,
Olfr1463,,,,Ccdc92,
Krtap3-2,,,,Fmo6,
Arc,,,,Prkcg,
1700020G17Rik,,,,Sowaha,
Slco4a1,,,,Lyz1,
Fam78b,,,,Prrt1,
Pdcd1,,,,Pramel21,
Cend1,,,,Padi4,
1810062O18Rik,,,,Aplp1,
Vmn1r171,,,,Olfr24,
Scx,,,,Pcdhb4,
Enox1,,,,2810032G03Rik,
Cdh24,,,,Tmem35a,
Oscar,,,,Sis,
Aicda,,,,Slfn5os,
Fbxo15,,,,Liph,
Atp1b4,,,,Trim10,
2410017I17Rik,,,,Ccdc7b,
Gm14812,,,,Mc2r,
Trpm8,,,,Slit1,
Sh2d5,,,,Grm6,
Olfr1356,,,,Pou6f2,
Nudt11,,,,Gpc2,
Fem1al,,,,Fxyd2,
9830132P13Rik,,,,Ppp1r1a,
Zfp987,,,,Olfr9,
4930527F14Rik,,,,1700102P08Rik,
Zfp239,,,,Vmn1r52,
1700047G03Rik,,,,Ngp,
Arxes2,,,,Cts8,
Reep2,,,,Gm12238,
Ccdc190,,,,1700121L16Rik,
Olfr798,,,,Olfr1259,
Gm10635,,,,Abca14,
Nyap1,,,,Ppp1r1c,
Lrrtm1,,,,Pcdhb10,
Kcnj3,,,,Fgf5,
Ffar2,,,,Qrfp,
Vmn1r8,,,,Mybpc3,
Nkain1,,,,Olfr314,
Gm15097,,,,Mir186,
Pate2,,,,Ebf2,
1700048M11Rik,,,,Csn3,
Havcr1,,,,Dll3,
Gpr165,,,,Mir5098,
Gm10649,,,,Slc6a20a,
Olfr116,,,,A530016L24Rik,
Olfr822,,,,4930405A10Rik,
Olfr1417,,,,Olfr816,
Gli1,,,,Adgrg7,
Spam1,,,,Acta1,
Syt14,,,,Efhd1,
Gdf7,,,,Krt17,
4930502E09Rik,,,,4921509C19Rik,
5730403I07Rik,,,,Mir687,
Olfr1186,,,,Syngr4,
Olfr525,,,,Olfr5,
Gpr143,,,,Grpr,
Gm128,,,,Sema4f,
Rasl10a,,,,Sync,
Vmn1r17,,,,Olfr1047,
Wfdc18,,,,BC016579,
Lmx1a,,,,S100b,
Mir1929,,,,Cacng7,
Vpreb3,,,,Vmn1r167,
Slc35g3,,,,Rin1,
Olfr1457,,,,Spink4,
Ppp1r32,,,,Slc38a5,
Ssc5d,,,,Sgca,
Mir181a-2,,,,Ctrcos,
Olfr131,,,,Vmn1r71,
Olfr1234,,,,Zpbp,
Lgi4,,,,Gm5420,
Gm4847,,,,Cdkn2a,
Sox1,,,,Adam21,
Slc44a4,,,,Gm5084,
Camp,,,,Hpca,
Glipr1l2,,,,Plekhg4,
Olfr1257,,,,4932441J04Rik,
Synb,,,,Dsg3,
Olfr1200,,,,Olfr697,
Gm16897,,,,Diras2,
Agtr1b,,,,Insrr,
Dcaf12l2,,,,2810408A11Rik,
Olfr629,,,,Cnga1,
5430437J10Rik,,,,Nox1,
Olfr668,,,,Pcdhb12,
Khdc3,,,,Gucy2e,
Fkbp1b,,,,Itgad,
Catsper4,,,,Tyr,
Chst8,,,,4930404N11Rik,
Smco3,,,,Acss2os,
Olfr417,,,,Msx2,
Olfr1030,,,,Tfap2e,
Ndst3,,,,Trim16,
Gm19276,,,,Aldh3b2,
Olfr765,,,,A630095N17Rik,
Ppp1r17,,,,Pdxk-ps,
Fsip1,,,,Gpr156,
Gm15127,,,,Zfp385c,
Vmn2r8,,,,Stc1,
4933401H06Rik,,,,Gm20362,
Gm5771,,,,Cpa2,
Serp2,,,,Glycam1,
Ccdc87,,,,Nme5,
Pcsk2os1,,,,Greb1,
4930549G23Rik,,,,Snora65,
Rasef,,,,Rcor2,
2900057B20Rik,,,,Gm7102,
Il21,,,,Riiad1,
Ccl3,,,,Syndig1l,
Wnt11,,,,Htr3b,
Adcy8,,,,Neu4,
Cks1brt,,,,Klhl40,
Galnt12,,,,Olfr678,
Vmn1r27,,,,Tectb,
Klra9,,,,Lvrn,
Chrm2,,,,Ssxb2,
Dpysl5,,,,Krt35,
AA387883,,,,Gng3,
Il1rapl2,,,,4930579F01Rik,
Gm10684,,,,Olfr1431,
4930517E11Rik,,,,Fbxo48,
Phactr3,,,,Olfr1256,
Hes2,,,,4930488B22Rik,
Smim9,,,,Mfap2,
Vwc2,,,,Idi2,
Klra8,,,,AI593442,
Vwa2,,,,Efcab9,
Popdc2,,,,Mkrn3,
Npas1,,,,Arnt2,
Cst7,,,,Hus1b,
Gabrd,,,,E330021D16Rik,
Prpmp5,,,,Hrob,
Slc36a1os,,,,Olfr453,
Timp1,,,,Zfp735,
Stc2,,,,Rnf223,
Ptprn,,,,Grik1,
Tnfrsf9,,,,A430093F15Rik,
Ppef1,,,,BC051019,
Ldhal6b,,,,Ager,
D930032P07Rik,,,,Gm15850,
Olfr459,,,,9530036O11Rik,
Col11a1,,,,Arhgef38,
Lmtk3,,,,Hoxb9,
Bambi-ps1,,,,Adam24,
4930519H02Rik,,,,Mir378b,
Pou3f4,,,,Map7d3,
Olfr399,,,,Tdgf1,
Mir194-1,,,,Kcng2,
Pou3f2,,,,Gpr75,
Rab3b,,,,4930593C16Rik,
Mir1961,,,,Fbxo43,
Olfr128,,,,Aif1l,
Lmntd1,,,,Vmn1r223,
Prss35,,,,Egr3,
Tg,,,,Snx31,
H2ac10,,,,Terb1,
Chst4,,,,Fbxw20,
Dcc,,,,Sertm1,
Tdpoz1,,,,Gm12505,
Fgf13,,,,Gpr1,
Pgbd5,,,,Macroh2a3,
Zkscan16,,,,Smpx,
Gm20139,,,,Cilp,
Meig1,,,,Alpk2,
Dipk2b,,,,Klk14,
Olfr1495,,,,Chn1,
Rbmxl2,,,,Myh4,
Mir3473d,,,,1700016D06Rik,
Gm6402,,,,Plch2,
Ms4a3,,,,Ceacam3,
Rnf133,,,,4933406J10Rik,
Olfr1442,,,,Smco1,
Chrne,,,,Zfp296,
Tpsab1,,,,Trnp1,
Htr1b,,,,Tff2,
Gm6213,,,,Fgf23,
Gm7337,,,,Vip,
Ngb,,,,Tmc5,
Clic6,,,,G630055G22Rik,
Brinp3,,,,4930563M21Rik,
Cntn4,,,,Gm16796,
Il9r,,,,Rrad,
9430060I03Rik,,,,Rex2,
Vmn1r79,,,,Xkr5,
2610316D01Rik,,,,Olfr1500,
Grem1,,,,Muc5b,
Lefty2,,,,Snai3,
Mir192,,,,Art1,
Slco1a5,,,,Slc6a21,
Zpbp2,,,,Pcdhb5,
Ly6g6d,,,,Kcna7,
Adam7,,,,Clec12b,
Actl9,,,,Cdk3,
Rax,,,,Asb5,
Nudt17,,,,Olfr1463,
Wasf3,,,,Krtap3-2,
Gm6981,,,,Arc,
Fstl5,,,,1700020G17Rik,
Gm6525,,,,Fam78b,
Pramel7,,,,Pdcd1,
Olfr832,,,,Cend1,
Vmn1r91,,,,Vmn1r171,
1700108J01Rik,,,,Scx,
Slc30a2,,,,Enox1,
Fam3d,,,,Cdh24,
Unc80,,,,Oscar,
Olfr1378,,,,Aicda,
Olfr1154,,,,Fbxo15,
Gzmk,,,,Atp1b4,
Cep295nl,,,,2410017I17Rik,
Olfr420,,,,Gm14812,
Vash2,,,,Trpm8,
Tcf23,,,,Sh2d5,
Mir690,,,,Nudt11,
Ttll11,,,,Fem1al,
Gm13710,,,,Scn4a,
Mill1,,,,9830132P13Rik,
Olfr1340,,,,Zfp987,
Msx1,,,,4930527F14Rik,
Ccl7,,,,Zfp239,
Usp26,,,,Pcdhb8,
Zscan18,,,,1700047G03Rik,
Pcdha11,,,,Arxes2,
Olfr282,,,,Reep2,
Csta2,,,,Ccdc190,
Klra13-ps,,,,Olfr798,
,,,,Gm10635,
,,,,Nyap1,
,,,,Hemgn,
,,,,Lrrtm1,
,,,,Kcnj3,
,,,,Ffar2,
,,,,Vmn1r8,
,,,,Nkain1,
,,,,Gm15097,
,,,,Pate2,
,,,,1700048M11Rik,
,,,,Havcr1,
,,,,Gpr165,
,,,,Gm10649,
,,,,1700102H20Rik,
,,,,Olfr116,
,,,,Olfr822,
,,,,Olfr1417,
,,,,Gli1,
,,,,Tmem179,
,,,,Spam1,
,,,,Syt14,
,,,,Gdf7,
,,,,4930502E09Rik,
,,,,5730403I07Rik,
,,,,Olfr1186,
,,,,Olfr525,
,,,,Gpr143,
,,,,Gm128,
,,,,Rasl10a,
,,,,Tnnc2,
,,,,Pnliprp2,
,,,,Vmn1r17,
,,,,Myh1,
,,,,Wfdc18,
,,,,Lmx1a,
,,,,Mir1929,
,,,,Slc35g3,
,,,,Olfr1457,
,,,,Ppp1r32,
,,,,Ssc5d,
,,,,Mir181a-2,
,,,,Capn12,
,,,,Eef1a2,
,,,,Olfr131,
,,,,Olfr1234,
,,,,Lgi4,
,,,,Gm4847,
,,,,Sox1,
,,,,Slc44a4,
,,,,Camp,
,,,,Glipr1l2,
,,,,Olfr1257,
,,,,Synb,
,,,,Olfr1200,
,,,,Agtr1b,
,,,,Dcaf12l2,
,,,,Olfr629,
,,,,Itga11,
,,,,5430437J10Rik,
,,,,Hspb2,
,,,,Olfr668,
,,,,Khdc3,
,,,,Fkbp1b,
,,,,Ebf4,
,,,,Catsper4,
,,,,Chst8,
,,,,Smco3,
,,,,Olfr417,
,,,,Try5,
,,,,Ndst3,
,,,,Gm19276,
,,,,Olfr765,
,,,,Ppp1r17,
,,,,Fsip1,
,,,,Gm15127,
,,,,Vmn2r8,
,,,,Rims2,
,,,,4933401H06Rik,
,,,,Myoc,
,,,,Slco5a1,
,,,,Gm5771,
,,,,Sh3rf2,
,,,,Serp2,
,,,,Ccdc87,
,,,,Pcsk2os1,
,,,,4930549G23Rik,
,,,,Rasef,
,,,,Sypl2,
,,,,2900057B20Rik,
,,,,Il21,
,,,,Ccl3,
,,,,Adcy8,
,,,,Cks1brt,
,,,,Galnt12,
,,,,Ctrb1,
,,,,Vmn1r27,
,,,,Chrm2,
,,,,Dpysl5,
,,,,AA387883,
,,,,Il1rapl2,
,,,,Gm10684,
,,,,4930517E11Rik,
,,,,Phactr3,
,,,,Hes2,
,,,,Smim9,
,,,,Vwc2,
,,,,Klra8,
,,,,Vwa2,
,,,,Popdc2,
,,,,Npas1,
,,,,Cst7,
,,,,Gabrd,
,,,,Prpmp5,
,,,,Map3k9,
,,,,Slc36a1os,
,,,,Timp1,
,,,,Stc2,
,,,,Ptprn,
,,,,Tnfrsf9,
,,,,Ppef1,
,,,,Ldhal6b,
,,,,D930032P07Rik,
,,,,Olfr459,
,,,,Col11a1,
,,,,Lmtk3,
,,,,Bambi-ps1,
,,,,4930519H02Rik,
,,,,Pou3f4,
,,,,Olfr399,
,,,,Bsn,
,,,,Mir194-1,
,,,,Pou3f2,
,,,,Rab3b,
,,,,Mir1961,
,,,,Fgfbp1,
,,,,Olfr128,
,,,,Lmntd1,
,,,,Prss35,
,,,,Olfr488,
,,,,Tg,
,,,,H2ac10,
,,,,Chst4,
,,,,Dcc,
,,,,Mlf1,
,,,,Tdpoz1,
,,,,Dusp13,
,,,,Fgf13,
,,,,Pgbd5,
,,,,Zkscan16,
,,,,Gm20139,
,,,,Meig1,
,,,,Dipk2b,
,,,,Olfr1495,
,,,,Rbmxl2,
,,,,Mir3473d,
,,,,Gm6402,
,,,,Muc13,
,,,,Ms4a3,
,,,,Rnf133,
,,,,Olfr1442,
,,,,Chrne,
,,,,Tpsab1,
,,,,Htr1b,
,,,,Gm6213,
,,,,Gm7337,
,,,,Clic6,
,,,,Zfp580,
,,,,Brinp3,
,,,,Cntn4,
,,,,9430060I03Rik,
,,,,Vmn1r79,
,,,,2610316D01Rik,
,,,,Grem1,
,,,,Lefty2,
,,,,Mir192,
,,,,Slco1a5,
,,,,Zpbp2,
,,,,Ly6g6d,
,,,,Adam7,
,,,,Actl9,
,,,,Rax,
,,,,Nudt17,
,,,,Wasf3,
,,,,Gm6981,
,,,,Fstl5,
,,,,Adig,
,,,,Gm6525,
,,,,Pramel7,
,,,,Olfr832,
,,,,Vmn1r91,
,,,,1700108J01Rik,
,,,,Slc30a2,
,,,,Pcdh19,
,,,,Shisa4,
,,,,Fam3d,
,,,,Unc80,
,,,,Olfr1378,
,,,,Olfr1154,
,,,,Gzmk,
,,,,Cep295nl,
,,,,Olfr420,
,,,,Vash2,
,,,,Tcf23,
,,,,Mir690,
,,,,Pdzd7,
,,,,Ttll11,
,,,,Gm13710,
,,,,Mill1,
,,,,Olfr1340,
,,,,Msx1,
,,,,Ccl7,
,,,,Usp26,
,,,,Zscan18,
,,,,Pcdha11,
,,,,Csta2,
,,,,Klra13-ps,
